barcode	quantity
barcode1	1
barcode2	2
barcode3	3
barcode4	4
barcode5	5
barcode6	6
barcode7	7
barcode8	8
barcode9	9
barcode10	10
barcode11	11
barcode12	12
barcode13	13
barcode14	14
barcode15	15
barcode16	16
barcode17	17
barcode18	18
barcode19	19
barcode20	20
barcode21	21
barcode22	22
barcode23	23
barcode24	24
barcode25	25
barcode26	26
barcode27	27
barcode28	28
barcode29	29
barcode30	30
barcode31	31
barcode32	32
barcode33	33
barcode34	34
barcode35	35
barcode36	36
barcode37	37
barcode38	38
barcode39	39
barcode40	40
barcode41	41
barcode42	42
barcode43	43
barcode44	44
barcode45	45
barcode46	46
barcode47	47
barcode48	48
barcode49	49
barcode50	50
barcode51	51
barcode52	52
barcode53	53
barcode54	54
barcode55	55
barcode56	56
barcode57	57
barcode58	58
barcode59	59
barcode60	60
barcode61	61
barcode62	62
barcode63	63
barcode64	64
barcode65	65
barcode66	66
barcode67	67
barcode68	68
barcode69	69
barcode70	70
barcode71	71
barcode72	72
barcode73	73
barcode74	74
barcode75	75
barcode76	76
barcode77	77
barcode78	78
barcode79	79
barcode80	80
barcode81	81
barcode82	82
barcode83	83
barcode84	84
barcode85	85
barcode86	86
barcode87	87
barcode88	88
barcode89	89
barcode90	90
barcode91	91
barcode92	92
barcode93	93
barcode94	94
barcode95	95
barcode96	96
barcode97	97
barcode98	98
barcode99	99
barcode100	100
barcode101	101
barcode102	102
barcode103	103
barcode104	104
barcode105	105
barcode106	106
barcode107	107
barcode108	108
barcode109	109
barcode110	110
barcode111	111
barcode112	112
barcode113	113
barcode114	114
barcode115	115
barcode116	116
barcode117	117
barcode118	118
barcode119	119
barcode120	120
barcode121	121
barcode122	122
barcode123	123
barcode124	124
barcode125	125
barcode126	126
barcode127	127
barcode128	128
barcode129	129
barcode130	130
barcode131	131
barcode132	132
barcode133	133
barcode134	134
barcode135	135
barcode136	136
barcode137	137
barcode138	138
barcode139	139
barcode140	140
barcode141	141
barcode142	142
barcode143	143
barcode144	144
barcode145	145
barcode146	146
barcode147	147
barcode148	148
barcode149	149
barcode150	150
barcode151	151
barcode152	152
barcode153	153
barcode154	154
barcode155	155
barcode156	156
barcode157	157
barcode158	158
barcode159	159
barcode160	160
barcode161	161
barcode162	162
barcode163	163
barcode164	164
barcode165	165
barcode166	166
barcode167	167
barcode168	168
barcode169	169
barcode170	170
barcode171	171
barcode172	172
barcode173	173
barcode174	174
barcode175	175
barcode176	176
barcode177	177
barcode178	178
barcode179	179
barcode180	180
barcode181	181
barcode182	182
barcode183	183
barcode184	184
barcode185	185
barcode186	186
barcode187	187
barcode188	188
barcode189	189
barcode190	190
barcode191	191
barcode192	192
barcode193	193
barcode194	194
barcode195	195
barcode196	196
barcode197	197
barcode198	198
barcode199	199
barcode200	200
barcode201	201
barcode202	202
barcode203	203
barcode204	204
barcode205	205
barcode206	206
barcode207	207
barcode208	208
barcode209	209
barcode210	210
barcode211	211
barcode212	212
barcode213	213
barcode214	214
barcode215	215
barcode216	216
barcode217	217
barcode218	218
barcode219	219
barcode220	220
barcode221	221
barcode222	222
barcode223	223
barcode224	224
barcode225	225
barcode226	226
barcode227	227
barcode228	228
barcode229	229
barcode230	230
barcode231	231
barcode232	232
barcode233	233
barcode234	234
barcode235	235
barcode236	236
barcode237	237
barcode238	238
barcode239	239
barcode240	240
barcode241	241
barcode242	242
barcode243	243
barcode244	244
barcode245	245
barcode246	246
barcode247	247
barcode248	248
barcode249	249
barcode250	250
barcode251	251
barcode252	252
barcode253	253
barcode254	254
barcode255	255
barcode256	256
barcode257	257
barcode258	258
barcode259	259
barcode260	260
barcode261	261
barcode262	262
barcode263	263
barcode264	264
barcode265	265
barcode266	266
barcode267	267
barcode268	268
barcode269	269
barcode270	270
barcode271	271
barcode272	272
barcode273	273
barcode274	274
barcode275	275
barcode276	276
barcode277	277
barcode278	278
barcode279	279
barcode280	280
barcode281	281
barcode282	282
barcode283	283
barcode284	284
barcode285	285
barcode286	286
barcode287	287
barcode288	288
barcode289	289
barcode290	290
barcode291	291
barcode292	292
barcode293	293
barcode294	294
barcode295	295
barcode296	296
barcode297	297
barcode298	298
barcode299	299
barcode300	300
barcode301	301
barcode302	302
barcode303	303
barcode304	304
barcode305	305
barcode306	306
barcode307	307
barcode308	308
barcode309	309
barcode310	310
barcode311	311
barcode312	312
barcode313	313
barcode314	314
barcode315	315
barcode316	316
barcode317	317
barcode318	318
barcode319	319
barcode320	320
barcode321	321
barcode322	322
barcode323	323
barcode324	324
barcode325	325
barcode326	326
barcode327	327
barcode328	328
barcode329	329
barcode330	330
barcode331	331
barcode332	332
barcode333	333
barcode334	334
barcode335	335
barcode336	336
barcode337	337
barcode338	338
barcode339	339
barcode340	340
barcode341	341
barcode342	342
barcode343	343
barcode344	344
barcode345	345
barcode346	346
barcode347	347
barcode348	348
barcode349	349
barcode350	350
barcode351	351
barcode352	352
barcode353	353
barcode354	354
barcode355	355
barcode356	356
barcode357	357
barcode358	358
barcode359	359
barcode360	360
barcode361	361
barcode362	362
barcode363	363
barcode364	364
barcode365	365
barcode366	366
barcode367	367
barcode368	368
barcode369	369
barcode370	370
barcode371	371
barcode372	372
barcode373	373
barcode374	374
barcode375	375
barcode376	376
barcode377	377
barcode378	378
barcode379	379
barcode380	380
barcode381	381
barcode382	382
barcode383	383
barcode384	384
barcode385	385
barcode386	386
barcode387	387
barcode388	388
barcode389	389
barcode390	390
barcode391	391
barcode392	392
barcode393	393
barcode394	394
barcode395	395
barcode396	396
barcode397	397
barcode398	398
barcode399	399
barcode400	400
barcode401	401
barcode402	402
barcode403	403
barcode404	404
barcode405	405
barcode406	406
barcode407	407
barcode408	408
barcode409	409
barcode410	410
barcode411	411
barcode412	412
barcode413	413
barcode414	414
barcode415	415
barcode416	416
barcode417	417
barcode418	418
barcode419	419
barcode420	420
barcode421	421
barcode422	422
barcode423	423
barcode424	424
barcode425	425
barcode426	426
barcode427	427
barcode428	428
barcode429	429
barcode430	430
barcode431	431
barcode432	432
barcode433	433
barcode434	434
barcode435	435
barcode436	436
barcode437	437
barcode438	438
barcode439	439
barcode440	440
barcode441	441
barcode442	442
barcode443	443
barcode444	444
barcode445	445
barcode446	446
barcode447	447
barcode448	448
barcode449	449
barcode450	450
barcode451	451
barcode452	452
barcode453	453
barcode454	454
barcode455	455
barcode456	456
barcode457	457
barcode458	458
barcode459	459
barcode460	460
barcode461	461
barcode462	462
barcode463	463
barcode464	464
barcode465	465
barcode466	466
barcode467	467
barcode468	468
barcode469	469
barcode470	470
barcode471	471
barcode472	472
barcode473	473
barcode474	474
barcode475	475
barcode476	476
barcode477	477
barcode478	478
barcode479	479
barcode480	480
barcode481	481
barcode482	482
barcode483	483
barcode484	484
barcode485	485
barcode486	486
barcode487	487
barcode488	488
barcode489	489
barcode490	490
barcode491	491
barcode492	492
barcode493	493
barcode494	494
barcode495	495
barcode496	496
barcode497	497
barcode498	498
barcode499	499
barcode500	500
barcode501	501
barcode502	502
barcode503	503
barcode504	504
barcode505	505
barcode506	506
barcode507	507
barcode508	508
barcode509	509
barcode510	510
barcode511	511
barcode512	512
barcode513	513
barcode514	514
barcode515	515
barcode516	516
barcode517	517
barcode518	518
barcode519	519
barcode520	520
barcode521	521
barcode522	522
barcode523	523
barcode524	524
barcode525	525
barcode526	526
barcode527	527
barcode528	528
barcode529	529
barcode530	530
barcode531	531
barcode532	532
barcode533	533
barcode534	534
barcode535	535
barcode536	536
barcode537	537
barcode538	538
barcode539	539
barcode540	540
barcode541	541
barcode542	542
barcode543	543
barcode544	544
barcode545	545
barcode546	546
barcode547	547
barcode548	548
barcode549	549
barcode550	550
barcode551	551
barcode552	552
barcode553	553
barcode554	554
barcode555	555
barcode556	556
barcode557	557
barcode558	558
barcode559	559
barcode560	560
barcode561	561
barcode562	562
barcode563	563
barcode564	564
barcode565	565
barcode566	566
barcode567	567
barcode568	568
barcode569	569
barcode570	570
barcode571	571
barcode572	572
barcode573	573
barcode574	574
barcode575	575
barcode576	576
barcode577	577
barcode578	578
barcode579	579
barcode580	580
barcode581	581
barcode582	582
barcode583	583
barcode584	584
barcode585	585
barcode586	586
barcode587	587
barcode588	588
barcode589	589
barcode590	590
barcode591	591
barcode592	592
barcode593	593
barcode594	594
barcode595	595
barcode596	596
barcode597	597
barcode598	598
barcode599	599
barcode600	600
barcode601	601
barcode602	602
barcode603	603
barcode604	604
barcode605	605
barcode606	606
barcode607	607
barcode608	608
barcode609	609
barcode610	610
barcode611	611
barcode612	612
barcode613	613
barcode614	614
barcode615	615
barcode616	616
barcode617	617
barcode618	618
barcode619	619
barcode620	620
barcode621	621
barcode622	622
barcode623	623
barcode624	624
barcode625	625
barcode626	626
barcode627	627
barcode628	628
barcode629	629
barcode630	630
barcode631	631
barcode632	632
barcode633	633
barcode634	634
barcode635	635
barcode636	636
barcode637	637
barcode638	638
barcode639	639
barcode640	640
barcode641	641
barcode642	642
barcode643	643
barcode644	644
barcode645	645
barcode646	646
barcode647	647
barcode648	648
barcode649	649
barcode650	650
barcode651	651
barcode652	652
barcode653	653
barcode654	654
barcode655	655
barcode656	656
barcode657	657
barcode658	658
barcode659	659
barcode660	660
barcode661	661
barcode662	662
barcode663	663
barcode664	664
barcode665	665
barcode666	666
barcode667	667
barcode668	668
barcode669	669
barcode670	670
barcode671	671
barcode672	672
barcode673	673
barcode674	674
barcode675	675
barcode676	676
barcode677	677
barcode678	678
barcode679	679
barcode680	680
barcode681	681
barcode682	682
barcode683	683
barcode684	684
barcode685	685
barcode686	686
barcode687	687
barcode688	688
barcode689	689
barcode690	690
barcode691	691
barcode692	692
barcode693	693
barcode694	694
barcode695	695
barcode696	696
barcode697	697
barcode698	698
barcode699	699
barcode700	700
barcode701	701
barcode702	702
barcode703	703
barcode704	704
barcode705	705
barcode706	706
barcode707	707
barcode708	708
barcode709	709
barcode710	710
barcode711	711
barcode712	712
barcode713	713
barcode714	714
barcode715	715
barcode716	716
barcode717	717
barcode718	718
barcode719	719
barcode720	720
barcode721	721
barcode722	722
barcode723	723
barcode724	724
barcode725	725
barcode726	726
barcode727	727
barcode728	728
barcode729	729
barcode730	730
barcode731	731
barcode732	732
barcode733	733
barcode734	734
barcode735	735
barcode736	736
barcode737	737
barcode738	738
barcode739	739
barcode740	740
barcode741	741
barcode742	742
barcode743	743
barcode744	744
barcode745	745
barcode746	746
barcode747	747
barcode748	748
barcode749	749
barcode750	750
barcode751	751
barcode752	752
barcode753	753
barcode754	754
barcode755	755
barcode756	756
barcode757	757
barcode758	758
barcode759	759
barcode760	760
barcode761	761
barcode762	762
barcode763	763
barcode764	764
barcode765	765
barcode766	766
barcode767	767
barcode768	768
barcode769	769
barcode770	770
barcode771	771
barcode772	772
barcode773	773
barcode774	774
barcode775	775
barcode776	776
barcode777	777
barcode778	778
barcode779	779
barcode780	780
barcode781	781
barcode782	782
barcode783	783
barcode784	784
barcode785	785
barcode786	786
barcode787	787
barcode788	788
barcode789	789
barcode790	790
barcode791	791
barcode792	792
barcode793	793
barcode794	794
barcode795	795
barcode796	796
barcode797	797
barcode798	798
barcode799	799
barcode800	800
barcode801	801
barcode802	802
barcode803	803
barcode804	804
barcode805	805
barcode806	806
barcode807	807
barcode808	808
barcode809	809
barcode810	810
barcode811	811
barcode812	812
barcode813	813
barcode814	814
barcode815	815
barcode816	816
barcode817	817
barcode818	818
barcode819	819
barcode820	820
barcode821	821
barcode822	822
barcode823	823
barcode824	824
barcode825	825
barcode826	826
barcode827	827
barcode828	828
barcode829	829
barcode830	830
barcode831	831
barcode832	832
barcode833	833
barcode834	834
barcode835	835
barcode836	836
barcode837	837
barcode838	838
barcode839	839
barcode840	840
barcode841	841
barcode842	842
barcode843	843
barcode844	844
barcode845	845
barcode846	846
barcode847	847
barcode848	848
barcode849	849
barcode850	850
barcode851	851
barcode852	852
barcode853	853
barcode854	854
barcode855	855
barcode856	856
barcode857	857
barcode858	858
barcode859	859
barcode860	860
barcode861	861
barcode862	862
barcode863	863
barcode864	864
barcode865	865
barcode866	866
barcode867	867
barcode868	868
barcode869	869
barcode870	870
barcode871	871
barcode872	872
barcode873	873
barcode874	874
barcode875	875
barcode876	876
barcode877	877
barcode878	878
barcode879	879
barcode880	880
barcode881	881
barcode882	882
barcode883	883
barcode884	884
barcode885	885
barcode886	886
barcode887	887
barcode888	888
barcode889	889
barcode890	890
barcode891	891
barcode892	892
barcode893	893
barcode894	894
barcode895	895
barcode896	896
barcode897	897
barcode898	898
barcode899	899
barcode900	900
barcode901	901
barcode902	902
barcode903	903
barcode904	904
barcode905	905
barcode906	906
barcode907	907
barcode908	908
barcode909	909
barcode910	910
barcode911	911
barcode912	912
barcode913	913
barcode914	914
barcode915	915
barcode916	916
barcode917	917
barcode918	918
barcode919	919
barcode920	920
barcode921	921
barcode922	922
barcode923	923
barcode924	924
barcode925	925
barcode926	926
barcode927	927
barcode928	928
barcode929	929
barcode930	930
barcode931	931
barcode932	932
barcode933	933
barcode934	934
barcode935	935
barcode936	936
barcode937	937
barcode938	938
barcode939	939
barcode940	940
barcode941	941
barcode942	942
barcode943	943
barcode944	944
barcode945	945
barcode946	946
barcode947	947
barcode948	948
barcode949	949
barcode950	950
barcode951	951
barcode952	952
barcode953	953
barcode954	954
barcode955	955
barcode956	956
barcode957	957
barcode958	958
barcode959	959
barcode960	960
barcode961	961
barcode962	962
barcode963	963
barcode964	964
barcode965	965
barcode966	966
barcode967	967
barcode968	968
barcode969	969
barcode970	970
barcode971	971
barcode972	972
barcode973	973
barcode974	974
barcode975	975
barcode976	976
barcode977	977
barcode978	978
barcode979	979
barcode980	980
barcode981	981
barcode982	982
barcode983	983
barcode984	984
barcode985	985
barcode986	986
barcode987	987
barcode988	988
barcode989	989
barcode990	990
barcode991	991
barcode992	992
barcode993	993
barcode994	994
barcode995	995
barcode996	996
barcode997	997
barcode998	998
barcode999	999
barcode1000	1000
barcode1001	1001
barcode1002	1002
barcode1003	1003
barcode1004	1004
barcode1005	1005
barcode1006	1006
barcode1007	1007
barcode1008	1008
barcode1009	1009
barcode1010	1010
barcode1011	1011
barcode1012	1012
barcode1013	1013
barcode1014	1014
barcode1015	1015
barcode1016	1016
barcode1017	1017
barcode1018	1018
barcode1019	1019
barcode1020	1020
barcode1021	1021
barcode1022	1022
barcode1023	1023
barcode1024	1024
barcode1025	1025
barcode1026	1026
barcode1027	1027
barcode1028	1028
barcode1029	1029
barcode1030	1030
barcode1031	1031
barcode1032	1032
barcode1033	1033
barcode1034	1034
barcode1035	1035
barcode1036	1036
barcode1037	1037
barcode1038	1038
barcode1039	1039
barcode1040	1040
barcode1041	1041
barcode1042	1042
barcode1043	1043
barcode1044	1044
barcode1045	1045
barcode1046	1046
barcode1047	1047
barcode1048	1048
barcode1049	1049
barcode1050	1050
barcode1051	1051
barcode1052	1052
barcode1053	1053
barcode1054	1054
barcode1055	1055
barcode1056	1056
barcode1057	1057
barcode1058	1058
barcode1059	1059
barcode1060	1060
barcode1061	1061
barcode1062	1062
barcode1063	1063
barcode1064	1064
barcode1065	1065
barcode1066	1066
barcode1067	1067
barcode1068	1068
barcode1069	1069
barcode1070	1070
barcode1071	1071
barcode1072	1072
barcode1073	1073
barcode1074	1074
barcode1075	1075
barcode1076	1076
barcode1077	1077
barcode1078	1078
barcode1079	1079
barcode1080	1080
barcode1081	1081
barcode1082	1082
barcode1083	1083
barcode1084	1084
barcode1085	1085
barcode1086	1086
barcode1087	1087
barcode1088	1088
barcode1089	1089
barcode1090	1090
barcode1091	1091
barcode1092	1092
barcode1093	1093
barcode1094	1094
barcode1095	1095
barcode1096	1096
barcode1097	1097
barcode1098	1098
barcode1099	1099
barcode1100	1100
barcode1101	1101
barcode1102	1102
barcode1103	1103
barcode1104	1104
barcode1105	1105
barcode1106	1106
barcode1107	1107
barcode1108	1108
barcode1109	1109
barcode1110	1110
barcode1111	1111
barcode1112	1112
barcode1113	1113
barcode1114	1114
barcode1115	1115
barcode1116	1116
barcode1117	1117
barcode1118	1118
barcode1119	1119
barcode1120	1120
barcode1121	1121
barcode1122	1122
barcode1123	1123
barcode1124	1124
barcode1125	1125
barcode1126	1126
barcode1127	1127
barcode1128	1128
barcode1129	1129
barcode1130	1130
barcode1131	1131
barcode1132	1132
barcode1133	1133
barcode1134	1134
barcode1135	1135
barcode1136	1136
barcode1137	1137
barcode1138	1138
barcode1139	1139
barcode1140	1140
barcode1141	1141
barcode1142	1142
barcode1143	1143
barcode1144	1144
barcode1145	1145
barcode1146	1146
barcode1147	1147
barcode1148	1148
barcode1149	1149
barcode1150	1150
barcode1151	1151
barcode1152	1152
barcode1153	1153
barcode1154	1154
barcode1155	1155
barcode1156	1156
barcode1157	1157
barcode1158	1158
barcode1159	1159
barcode1160	1160
barcode1161	1161
barcode1162	1162
barcode1163	1163
barcode1164	1164
barcode1165	1165
barcode1166	1166
barcode1167	1167
barcode1168	1168
barcode1169	1169
barcode1170	1170
barcode1171	1171
barcode1172	1172
barcode1173	1173
barcode1174	1174
barcode1175	1175
barcode1176	1176
barcode1177	1177
barcode1178	1178
barcode1179	1179
barcode1180	1180
barcode1181	1181
barcode1182	1182
barcode1183	1183
barcode1184	1184
barcode1185	1185
barcode1186	1186
barcode1187	1187
barcode1188	1188
barcode1189	1189
barcode1190	1190
barcode1191	1191
barcode1192	1192
barcode1193	1193
barcode1194	1194
barcode1195	1195
barcode1196	1196
barcode1197	1197
barcode1198	1198
barcode1199	1199
barcode1200	1200
barcode1201	1201
barcode1202	1202
barcode1203	1203
barcode1204	1204
barcode1205	1205
barcode1206	1206
barcode1207	1207
barcode1208	1208
barcode1209	1209
barcode1210	1210
barcode1211	1211
barcode1212	1212
barcode1213	1213
barcode1214	1214
barcode1215	1215
barcode1216	1216
barcode1217	1217
barcode1218	1218
barcode1219	1219
barcode1220	1220
barcode1221	1221
barcode1222	1222
barcode1223	1223
barcode1224	1224
barcode1225	1225
barcode1226	1226
barcode1227	1227
barcode1228	1228
barcode1229	1229
barcode1230	1230
barcode1231	1231
barcode1232	1232
barcode1233	1233
barcode1234	1234
barcode1235	1235
barcode1236	1236
barcode1237	1237
barcode1238	1238
barcode1239	1239
barcode1240	1240
barcode1241	1241
barcode1242	1242
barcode1243	1243
barcode1244	1244
barcode1245	1245
barcode1246	1246
barcode1247	1247
barcode1248	1248
barcode1249	1249
barcode1250	1250
barcode1251	1251
barcode1252	1252
barcode1253	1253
barcode1254	1254
barcode1255	1255
barcode1256	1256
barcode1257	1257
barcode1258	1258
barcode1259	1259
barcode1260	1260
barcode1261	1261
barcode1262	1262
barcode1263	1263
barcode1264	1264
barcode1265	1265
barcode1266	1266
barcode1267	1267
barcode1268	1268
barcode1269	1269
barcode1270	1270
barcode1271	1271
barcode1272	1272
barcode1273	1273
barcode1274	1274
barcode1275	1275
barcode1276	1276
barcode1277	1277
barcode1278	1278
barcode1279	1279
barcode1280	1280
barcode1281	1281
barcode1282	1282
barcode1283	1283
barcode1284	1284
barcode1285	1285
barcode1286	1286
barcode1287	1287
barcode1288	1288
barcode1289	1289
barcode1290	1290
barcode1291	1291
barcode1292	1292
barcode1293	1293
barcode1294	1294
barcode1295	1295
barcode1296	1296
barcode1297	1297
barcode1298	1298
barcode1299	1299
barcode1300	1300
barcode1301	1301
barcode1302	1302
barcode1303	1303
barcode1304	1304
barcode1305	1305
barcode1306	1306
barcode1307	1307
barcode1308	1308
barcode1309	1309
barcode1310	1310
barcode1311	1311
barcode1312	1312
barcode1313	1313
barcode1314	1314
barcode1315	1315
barcode1316	1316
barcode1317	1317
barcode1318	1318
barcode1319	1319
barcode1320	1320
barcode1321	1321
barcode1322	1322
barcode1323	1323
barcode1324	1324
barcode1325	1325
barcode1326	1326
barcode1327	1327
barcode1328	1328
barcode1329	1329
barcode1330	1330
barcode1331	1331
barcode1332	1332
barcode1333	1333
barcode1334	1334
barcode1335	1335
barcode1336	1336
barcode1337	1337
barcode1338	1338
barcode1339	1339
barcode1340	1340
barcode1341	1341
barcode1342	1342
barcode1343	1343
barcode1344	1344
barcode1345	1345
barcode1346	1346
barcode1347	1347
barcode1348	1348
barcode1349	1349
barcode1350	1350
barcode1351	1351
barcode1352	1352
barcode1353	1353
barcode1354	1354
barcode1355	1355
barcode1356	1356
barcode1357	1357
barcode1358	1358
barcode1359	1359
barcode1360	1360
barcode1361	1361
barcode1362	1362
barcode1363	1363
barcode1364	1364
barcode1365	1365
barcode1366	1366
barcode1367	1367
barcode1368	1368
barcode1369	1369
barcode1370	1370
barcode1371	1371
barcode1372	1372
barcode1373	1373
barcode1374	1374
barcode1375	1375
barcode1376	1376
barcode1377	1377
barcode1378	1378
barcode1379	1379
barcode1380	1380
barcode1381	1381
barcode1382	1382
barcode1383	1383
barcode1384	1384
barcode1385	1385
barcode1386	1386
barcode1387	1387
barcode1388	1388
barcode1389	1389
barcode1390	1390
barcode1391	1391
barcode1392	1392
barcode1393	1393
barcode1394	1394
barcode1395	1395
barcode1396	1396
barcode1397	1397
barcode1398	1398
barcode1399	1399
barcode1400	1400
barcode1401	1401
barcode1402	1402
barcode1403	1403
barcode1404	1404
barcode1405	1405
barcode1406	1406
barcode1407	1407
barcode1408	1408
barcode1409	1409
barcode1410	1410
barcode1411	1411
barcode1412	1412
barcode1413	1413
barcode1414	1414
barcode1415	1415
barcode1416	1416
barcode1417	1417
barcode1418	1418
barcode1419	1419
barcode1420	1420
barcode1421	1421
barcode1422	1422
barcode1423	1423
barcode1424	1424
barcode1425	1425
barcode1426	1426
barcode1427	1427
barcode1428	1428
barcode1429	1429
barcode1430	1430
barcode1431	1431
barcode1432	1432
barcode1433	1433
barcode1434	1434
barcode1435	1435
barcode1436	1436
barcode1437	1437
barcode1438	1438
barcode1439	1439
barcode1440	1440
barcode1441	1441
barcode1442	1442
barcode1443	1443
barcode1444	1444
barcode1445	1445
barcode1446	1446
barcode1447	1447
barcode1448	1448
barcode1449	1449
barcode1450	1450
barcode1451	1451
barcode1452	1452
barcode1453	1453
barcode1454	1454
barcode1455	1455
barcode1456	1456
barcode1457	1457
barcode1458	1458
barcode1459	1459
barcode1460	1460
barcode1461	1461
barcode1462	1462
barcode1463	1463
barcode1464	1464
barcode1465	1465
barcode1466	1466
barcode1467	1467
barcode1468	1468
barcode1469	1469
barcode1470	1470
barcode1471	1471
barcode1472	1472
barcode1473	1473
barcode1474	1474
barcode1475	1475
barcode1476	1476
barcode1477	1477
barcode1478	1478
barcode1479	1479
barcode1480	1480
barcode1481	1481
barcode1482	1482
barcode1483	1483
barcode1484	1484
barcode1485	1485
barcode1486	1486
barcode1487	1487
barcode1488	1488
barcode1489	1489
barcode1490	1490
barcode1491	1491
barcode1492	1492
barcode1493	1493
barcode1494	1494
barcode1495	1495
barcode1496	1496
barcode1497	1497
barcode1498	1498
barcode1499	1499
barcode1500	1500
barcode1501	1501
barcode1502	1502
barcode1503	1503
barcode1504	1504
barcode1505	1505
barcode1506	1506
barcode1507	1507
barcode1508	1508
barcode1509	1509
barcode1510	1510
barcode1511	1511
barcode1512	1512
barcode1513	1513
barcode1514	1514
barcode1515	1515
barcode1516	1516
barcode1517	1517
barcode1518	1518
barcode1519	1519
barcode1520	1520
barcode1521	1521
barcode1522	1522
barcode1523	1523
barcode1524	1524
barcode1525	1525
barcode1526	1526
barcode1527	1527
barcode1528	1528
barcode1529	1529
barcode1530	1530
barcode1531	1531
barcode1532	1532
barcode1533	1533
barcode1534	1534
barcode1535	1535
barcode1536	1536
barcode1537	1537
barcode1538	1538
barcode1539	1539
barcode1540	1540
barcode1541	1541
barcode1542	1542
barcode1543	1543
barcode1544	1544
barcode1545	1545
barcode1546	1546
barcode1547	1547
barcode1548	1548
barcode1549	1549
barcode1550	1550
barcode1551	1551
barcode1552	1552
barcode1553	1553
barcode1554	1554
barcode1555	1555
barcode1556	1556
barcode1557	1557
barcode1558	1558
barcode1559	1559
barcode1560	1560
barcode1561	1561
barcode1562	1562
barcode1563	1563
barcode1564	1564
barcode1565	1565
barcode1566	1566
barcode1567	1567
barcode1568	1568
barcode1569	1569
barcode1570	1570
barcode1571	1571
barcode1572	1572
barcode1573	1573
barcode1574	1574
barcode1575	1575
barcode1576	1576
barcode1577	1577
barcode1578	1578
barcode1579	1579
barcode1580	1580
barcode1581	1581
barcode1582	1582
barcode1583	1583
barcode1584	1584
barcode1585	1585
barcode1586	1586
barcode1587	1587
barcode1588	1588
barcode1589	1589
barcode1590	1590
barcode1591	1591
barcode1592	1592
barcode1593	1593
barcode1594	1594
barcode1595	1595
barcode1596	1596
barcode1597	1597
barcode1598	1598
barcode1599	1599
barcode1600	1600
barcode1601	1601
barcode1602	1602
barcode1603	1603
barcode1604	1604
barcode1605	1605
barcode1606	1606
barcode1607	1607
barcode1608	1608
barcode1609	1609
barcode1610	1610
barcode1611	1611
barcode1612	1612
barcode1613	1613
barcode1614	1614
barcode1615	1615
barcode1616	1616
barcode1617	1617
barcode1618	1618
barcode1619	1619
barcode1620	1620
barcode1621	1621
barcode1622	1622
barcode1623	1623
barcode1624	1624
barcode1625	1625
barcode1626	1626
barcode1627	1627
barcode1628	1628
barcode1629	1629
barcode1630	1630
barcode1631	1631
barcode1632	1632
barcode1633	1633
barcode1634	1634
barcode1635	1635
barcode1636	1636
barcode1637	1637
barcode1638	1638
barcode1639	1639
barcode1640	1640
barcode1641	1641
barcode1642	1642
barcode1643	1643
barcode1644	1644
barcode1645	1645
barcode1646	1646
barcode1647	1647
barcode1648	1648
barcode1649	1649
barcode1650	1650
barcode1651	1651
barcode1652	1652
barcode1653	1653
barcode1654	1654
barcode1655	1655
barcode1656	1656
barcode1657	1657
barcode1658	1658
barcode1659	1659
barcode1660	1660
barcode1661	1661
barcode1662	1662
barcode1663	1663
barcode1664	1664
barcode1665	1665
barcode1666	1666
barcode1667	1667
barcode1668	1668
barcode1669	1669
barcode1670	1670
barcode1671	1671
barcode1672	1672
barcode1673	1673
barcode1674	1674
barcode1675	1675
barcode1676	1676
barcode1677	1677
barcode1678	1678
barcode1679	1679
barcode1680	1680
barcode1681	1681
barcode1682	1682
barcode1683	1683
barcode1684	1684
barcode1685	1685
barcode1686	1686
barcode1687	1687
barcode1688	1688
barcode1689	1689
barcode1690	1690
barcode1691	1691
barcode1692	1692
barcode1693	1693
barcode1694	1694
barcode1695	1695
barcode1696	1696
barcode1697	1697
barcode1698	1698
barcode1699	1699
barcode1700	1700
barcode1701	1701
barcode1702	1702
barcode1703	1703
barcode1704	1704
barcode1705	1705
barcode1706	1706
barcode1707	1707
barcode1708	1708
barcode1709	1709
barcode1710	1710
barcode1711	1711
barcode1712	1712
barcode1713	1713
barcode1714	1714
barcode1715	1715
barcode1716	1716
barcode1717	1717
barcode1718	1718
barcode1719	1719
barcode1720	1720
barcode1721	1721
barcode1722	1722
barcode1723	1723
barcode1724	1724
barcode1725	1725
barcode1726	1726
barcode1727	1727
barcode1728	1728
barcode1729	1729
barcode1730	1730
barcode1731	1731
barcode1732	1732
barcode1733	1733
barcode1734	1734
barcode1735	1735
barcode1736	1736
barcode1737	1737
barcode1738	1738
barcode1739	1739
barcode1740	1740
barcode1741	1741
barcode1742	1742
barcode1743	1743
barcode1744	1744
barcode1745	1745
barcode1746	1746
barcode1747	1747
barcode1748	1748
barcode1749	1749
barcode1750	1750
barcode1751	1751
barcode1752	1752
barcode1753	1753
barcode1754	1754
barcode1755	1755
barcode1756	1756
barcode1757	1757
barcode1758	1758
barcode1759	1759
barcode1760	1760
barcode1761	1761
barcode1762	1762
barcode1763	1763
barcode1764	1764
barcode1765	1765
barcode1766	1766
barcode1767	1767
barcode1768	1768
barcode1769	1769
barcode1770	1770
barcode1771	1771
barcode1772	1772
barcode1773	1773
barcode1774	1774
barcode1775	1775
barcode1776	1776
barcode1777	1777
barcode1778	1778
barcode1779	1779
barcode1780	1780
barcode1781	1781
barcode1782	1782
barcode1783	1783
barcode1784	1784
barcode1785	1785
barcode1786	1786
barcode1787	1787
barcode1788	1788
barcode1789	1789
barcode1790	1790
barcode1791	1791
barcode1792	1792
barcode1793	1793
barcode1794	1794
barcode1795	1795
barcode1796	1796
barcode1797	1797
barcode1798	1798
barcode1799	1799
barcode1800	1800
barcode1801	1801
barcode1802	1802
barcode1803	1803
barcode1804	1804
barcode1805	1805
barcode1806	1806
barcode1807	1807
barcode1808	1808
barcode1809	1809
barcode1810	1810
barcode1811	1811
barcode1812	1812
barcode1813	1813
barcode1814	1814
barcode1815	1815
barcode1816	1816
barcode1817	1817
barcode1818	1818
barcode1819	1819
barcode1820	1820
barcode1821	1821
barcode1822	1822
barcode1823	1823
barcode1824	1824
barcode1825	1825
barcode1826	1826
barcode1827	1827
barcode1828	1828
barcode1829	1829
barcode1830	1830
barcode1831	1831
barcode1832	1832
barcode1833	1833
barcode1834	1834
barcode1835	1835
barcode1836	1836
barcode1837	1837
barcode1838	1838
barcode1839	1839
barcode1840	1840
barcode1841	1841
barcode1842	1842
barcode1843	1843
barcode1844	1844
barcode1845	1845
barcode1846	1846
barcode1847	1847
barcode1848	1848
barcode1849	1849
barcode1850	1850
barcode1851	1851
barcode1852	1852
barcode1853	1853
barcode1854	1854
barcode1855	1855
barcode1856	1856
barcode1857	1857
barcode1858	1858
barcode1859	1859
barcode1860	1860
barcode1861	1861
barcode1862	1862
barcode1863	1863
barcode1864	1864
barcode1865	1865
barcode1866	1866
barcode1867	1867
barcode1868	1868
barcode1869	1869
barcode1870	1870
barcode1871	1871
barcode1872	1872
barcode1873	1873
barcode1874	1874
barcode1875	1875
barcode1876	1876
barcode1877	1877
barcode1878	1878
barcode1879	1879
barcode1880	1880
barcode1881	1881
barcode1882	1882
barcode1883	1883
barcode1884	1884
barcode1885	1885
barcode1886	1886
barcode1887	1887
barcode1888	1888
barcode1889	1889
barcode1890	1890
barcode1891	1891
barcode1892	1892
barcode1893	1893
barcode1894	1894
barcode1895	1895
barcode1896	1896
barcode1897	1897
barcode1898	1898
barcode1899	1899
barcode1900	1900
barcode1901	1901
barcode1902	1902
barcode1903	1903
barcode1904	1904
barcode1905	1905
barcode1906	1906
barcode1907	1907
barcode1908	1908
barcode1909	1909
barcode1910	1910
barcode1911	1911
barcode1912	1912
barcode1913	1913
barcode1914	1914
barcode1915	1915
barcode1916	1916
barcode1917	1917
barcode1918	1918
barcode1919	1919
barcode1920	1920
barcode1921	1921
barcode1922	1922
barcode1923	1923
barcode1924	1924
barcode1925	1925
barcode1926	1926
barcode1927	1927
barcode1928	1928
barcode1929	1929
barcode1930	1930
barcode1931	1931
barcode1932	1932
barcode1933	1933
barcode1934	1934
barcode1935	1935
barcode1936	1936
barcode1937	1937
barcode1938	1938
barcode1939	1939
barcode1940	1940
barcode1941	1941
barcode1942	1942
barcode1943	1943
barcode1944	1944
barcode1945	1945
barcode1946	1946
barcode1947	1947
barcode1948	1948
barcode1949	1949
barcode1950	1950
barcode1951	1951
barcode1952	1952
barcode1953	1953
barcode1954	1954
barcode1955	1955
barcode1956	1956
barcode1957	1957
barcode1958	1958
barcode1959	1959
barcode1960	1960
barcode1961	1961
barcode1962	1962
barcode1963	1963
barcode1964	1964
barcode1965	1965
barcode1966	1966
barcode1967	1967
barcode1968	1968
barcode1969	1969
barcode1970	1970
barcode1971	1971
barcode1972	1972
barcode1973	1973
barcode1974	1974
barcode1975	1975
barcode1976	1976
barcode1977	1977
barcode1978	1978
barcode1979	1979
barcode1980	1980
barcode1981	1981
barcode1982	1982
barcode1983	1983
barcode1984	1984
barcode1985	1985
barcode1986	1986
barcode1987	1987
barcode1988	1988
barcode1989	1989
barcode1990	1990
barcode1991	1991
barcode1992	1992
barcode1993	1993
barcode1994	1994
barcode1995	1995
barcode1996	1996
barcode1997	1997
barcode1998	1998
barcode1999	1999
barcode2000	2000
barcode2001	2001
barcode2002	2002
barcode2003	2003
barcode2004	2004
barcode2005	2005
barcode2006	2006
barcode2007	2007
barcode2008	2008
barcode2009	2009
barcode2010	2010
barcode2011	2011
barcode2012	2012
barcode2013	2013
barcode2014	2014
barcode2015	2015
barcode2016	2016
barcode2017	2017
barcode2018	2018
barcode2019	2019
barcode2020	2020
barcode2021	2021
barcode2022	2022
barcode2023	2023
barcode2024	2024
barcode2025	2025
barcode2026	2026
barcode2027	2027
barcode2028	2028
barcode2029	2029
barcode2030	2030
barcode2031	2031
barcode2032	2032
barcode2033	2033
barcode2034	2034
barcode2035	2035
barcode2036	2036
barcode2037	2037
barcode2038	2038
barcode2039	2039
barcode2040	2040
barcode2041	2041
barcode2042	2042
barcode2043	2043
barcode2044	2044
barcode2045	2045
barcode2046	2046
barcode2047	2047
barcode2048	2048
barcode2049	2049
barcode2050	2050
barcode2051	2051
barcode2052	2052
barcode2053	2053
barcode2054	2054
barcode2055	2055
barcode2056	2056
barcode2057	2057
barcode2058	2058
barcode2059	2059
barcode2060	2060
barcode2061	2061
barcode2062	2062
barcode2063	2063
barcode2064	2064
barcode2065	2065
barcode2066	2066
barcode2067	2067
barcode2068	2068
barcode2069	2069
barcode2070	2070
barcode2071	2071
barcode2072	2072
barcode2073	2073
barcode2074	2074
barcode2075	2075
barcode2076	2076
barcode2077	2077
barcode2078	2078
barcode2079	2079
barcode2080	2080
barcode2081	2081
barcode2082	2082
barcode2083	2083
barcode2084	2084
barcode2085	2085
barcode2086	2086
barcode2087	2087
barcode2088	2088
barcode2089	2089
barcode2090	2090
barcode2091	2091
barcode2092	2092
barcode2093	2093
barcode2094	2094
barcode2095	2095
barcode2096	2096
barcode2097	2097
barcode2098	2098
barcode2099	2099
barcode2100	2100
barcode2101	2101
barcode2102	2102
barcode2103	2103
barcode2104	2104
barcode2105	2105
barcode2106	2106
barcode2107	2107
barcode2108	2108
barcode2109	2109
barcode2110	2110
barcode2111	2111
barcode2112	2112
barcode2113	2113
barcode2114	2114
barcode2115	2115
barcode2116	2116
barcode2117	2117
barcode2118	2118
barcode2119	2119
barcode2120	2120
barcode2121	2121
barcode2122	2122
barcode2123	2123
barcode2124	2124
barcode2125	2125
barcode2126	2126
barcode2127	2127
barcode2128	2128
barcode2129	2129
barcode2130	2130
barcode2131	2131
barcode2132	2132
barcode2133	2133
barcode2134	2134
barcode2135	2135
barcode2136	2136
barcode2137	2137
barcode2138	2138
barcode2139	2139
barcode2140	2140
barcode2141	2141
barcode2142	2142
barcode2143	2143
barcode2144	2144
barcode2145	2145
barcode2146	2146
barcode2147	2147
barcode2148	2148
barcode2149	2149
barcode2150	2150
barcode2151	2151
barcode2152	2152
barcode2153	2153
barcode2154	2154
barcode2155	2155
barcode2156	2156
barcode2157	2157
barcode2158	2158
barcode2159	2159
barcode2160	2160
barcode2161	2161
barcode2162	2162
barcode2163	2163
barcode2164	2164
barcode2165	2165
barcode2166	2166
barcode2167	2167
barcode2168	2168
barcode2169	2169
barcode2170	2170
barcode2171	2171
barcode2172	2172
barcode2173	2173
barcode2174	2174
barcode2175	2175
barcode2176	2176
barcode2177	2177
barcode2178	2178
barcode2179	2179
barcode2180	2180
barcode2181	2181
barcode2182	2182
barcode2183	2183
barcode2184	2184
barcode2185	2185
barcode2186	2186
barcode2187	2187
barcode2188	2188
barcode2189	2189
barcode2190	2190
barcode2191	2191
barcode2192	2192
barcode2193	2193
barcode2194	2194
barcode2195	2195
barcode2196	2196
barcode2197	2197
barcode2198	2198
barcode2199	2199
barcode2200	2200
barcode2201	2201
barcode2202	2202
barcode2203	2203
barcode2204	2204
barcode2205	2205
barcode2206	2206
barcode2207	2207
barcode2208	2208
barcode2209	2209
barcode2210	2210
barcode2211	2211
barcode2212	2212
barcode2213	2213
barcode2214	2214
barcode2215	2215
barcode2216	2216
barcode2217	2217
barcode2218	2218
barcode2219	2219
barcode2220	2220
barcode2221	2221
barcode2222	2222
barcode2223	2223
barcode2224	2224
barcode2225	2225
barcode2226	2226
barcode2227	2227
barcode2228	2228
barcode2229	2229
barcode2230	2230
barcode2231	2231
barcode2232	2232
barcode2233	2233
barcode2234	2234
barcode2235	2235
barcode2236	2236
barcode2237	2237
barcode2238	2238
barcode2239	2239
barcode2240	2240
barcode2241	2241
barcode2242	2242
barcode2243	2243
barcode2244	2244
barcode2245	2245
barcode2246	2246
barcode2247	2247
barcode2248	2248
barcode2249	2249
barcode2250	2250
barcode2251	2251
barcode2252	2252
barcode2253	2253
barcode2254	2254
barcode2255	2255
barcode2256	2256
barcode2257	2257
barcode2258	2258
barcode2259	2259
barcode2260	2260
barcode2261	2261
barcode2262	2262
barcode2263	2263
barcode2264	2264
barcode2265	2265
barcode2266	2266
barcode2267	2267
barcode2268	2268
barcode2269	2269
barcode2270	2270
barcode2271	2271
barcode2272	2272
barcode2273	2273
barcode2274	2274
barcode2275	2275
barcode2276	2276
barcode2277	2277
barcode2278	2278
barcode2279	2279
barcode2280	2280
barcode2281	2281
barcode2282	2282
barcode2283	2283
barcode2284	2284
barcode2285	2285
barcode2286	2286
barcode2287	2287
barcode2288	2288
barcode2289	2289
barcode2290	2290
barcode2291	2291
barcode2292	2292
barcode2293	2293
barcode2294	2294
barcode2295	2295
barcode2296	2296
barcode2297	2297
barcode2298	2298
barcode2299	2299
barcode2300	2300
barcode2301	2301
barcode2302	2302
barcode2303	2303
barcode2304	2304
barcode2305	2305
barcode2306	2306
barcode2307	2307
barcode2308	2308
barcode2309	2309
barcode2310	2310
barcode2311	2311
barcode2312	2312
barcode2313	2313
barcode2314	2314
barcode2315	2315
barcode2316	2316
barcode2317	2317
barcode2318	2318
barcode2319	2319
barcode2320	2320
barcode2321	2321
barcode2322	2322
barcode2323	2323
barcode2324	2324
barcode2325	2325
barcode2326	2326
barcode2327	2327
barcode2328	2328
barcode2329	2329
barcode2330	2330
barcode2331	2331
barcode2332	2332
barcode2333	2333
barcode2334	2334
barcode2335	2335
barcode2336	2336
barcode2337	2337
barcode2338	2338
barcode2339	2339
barcode2340	2340
barcode2341	2341
barcode2342	2342
barcode2343	2343
barcode2344	2344
barcode2345	2345
barcode2346	2346
barcode2347	2347
barcode2348	2348
barcode2349	2349
barcode2350	2350
barcode2351	2351
barcode2352	2352
barcode2353	2353
barcode2354	2354
barcode2355	2355
barcode2356	2356
barcode2357	2357
barcode2358	2358
barcode2359	2359
barcode2360	2360
barcode2361	2361
barcode2362	2362
barcode2363	2363
barcode2364	2364
barcode2365	2365
barcode2366	2366
barcode2367	2367
barcode2368	2368
barcode2369	2369
barcode2370	2370
barcode2371	2371
barcode2372	2372
barcode2373	2373
barcode2374	2374
barcode2375	2375
barcode2376	2376
barcode2377	2377
barcode2378	2378
barcode2379	2379
barcode2380	2380
barcode2381	2381
barcode2382	2382
barcode2383	2383
barcode2384	2384
barcode2385	2385
barcode2386	2386
barcode2387	2387
barcode2388	2388
barcode2389	2389
barcode2390	2390
barcode2391	2391
barcode2392	2392
barcode2393	2393
barcode2394	2394
barcode2395	2395
barcode2396	2396
barcode2397	2397
barcode2398	2398
barcode2399	2399
barcode2400	2400
barcode2401	2401
barcode2402	2402
barcode2403	2403
barcode2404	2404
barcode2405	2405
barcode2406	2406
barcode2407	2407
barcode2408	2408
barcode2409	2409
barcode2410	2410
barcode2411	2411
barcode2412	2412
barcode2413	2413
barcode2414	2414
barcode2415	2415
barcode2416	2416
barcode2417	2417
barcode2418	2418
barcode2419	2419
barcode2420	2420
barcode2421	2421
barcode2422	2422
barcode2423	2423
barcode2424	2424
barcode2425	2425
barcode2426	2426
barcode2427	2427
barcode2428	2428
barcode2429	2429
barcode2430	2430
barcode2431	2431
barcode2432	2432
barcode2433	2433
barcode2434	2434
barcode2435	2435
barcode2436	2436
barcode2437	2437
barcode2438	2438
barcode2439	2439
barcode2440	2440
barcode2441	2441
barcode2442	2442
barcode2443	2443
barcode2444	2444
barcode2445	2445
barcode2446	2446
barcode2447	2447
barcode2448	2448
barcode2449	2449
barcode2450	2450
barcode2451	2451
barcode2452	2452
barcode2453	2453
barcode2454	2454
barcode2455	2455
barcode2456	2456
barcode2457	2457
barcode2458	2458
barcode2459	2459
barcode2460	2460
barcode2461	2461
barcode2462	2462
barcode2463	2463
barcode2464	2464
barcode2465	2465
barcode2466	2466
barcode2467	2467
barcode2468	2468
barcode2469	2469
barcode2470	2470
barcode2471	2471
barcode2472	2472
barcode2473	2473
barcode2474	2474
barcode2475	2475
barcode2476	2476
barcode2477	2477
barcode2478	2478
barcode2479	2479
barcode2480	2480
barcode2481	2481
barcode2482	2482
barcode2483	2483
barcode2484	2484
barcode2485	2485
barcode2486	2486
barcode2487	2487
barcode2488	2488
barcode2489	2489
barcode2490	2490
barcode2491	2491
barcode2492	2492
barcode2493	2493
barcode2494	2494
barcode2495	2495
barcode2496	2496
barcode2497	2497
barcode2498	2498
barcode2499	2499
barcode2500	2500
barcode2501	2501
barcode2502	2502
barcode2503	2503
barcode2504	2504
barcode2505	2505
barcode2506	2506
barcode2507	2507
barcode2508	2508
barcode2509	2509
barcode2510	2510
barcode2511	2511
barcode2512	2512
barcode2513	2513
barcode2514	2514
barcode2515	2515
barcode2516	2516
barcode2517	2517
barcode2518	2518
barcode2519	2519
barcode2520	2520
barcode2521	2521
barcode2522	2522
barcode2523	2523
barcode2524	2524
barcode2525	2525
barcode2526	2526
barcode2527	2527
barcode2528	2528
barcode2529	2529
barcode2530	2530
barcode2531	2531
barcode2532	2532
barcode2533	2533
barcode2534	2534
barcode2535	2535
barcode2536	2536
barcode2537	2537
barcode2538	2538
barcode2539	2539
barcode2540	2540
barcode2541	2541
barcode2542	2542
barcode2543	2543
barcode2544	2544
barcode2545	2545
barcode2546	2546
barcode2547	2547
barcode2548	2548
barcode2549	2549
barcode2550	2550
barcode2551	2551
barcode2552	2552
barcode2553	2553
barcode2554	2554
barcode2555	2555
barcode2556	2556
barcode2557	2557
barcode2558	2558
barcode2559	2559
barcode2560	2560
barcode2561	2561
barcode2562	2562
barcode2563	2563
barcode2564	2564
barcode2565	2565
barcode2566	2566
barcode2567	2567
barcode2568	2568
barcode2569	2569
barcode2570	2570
barcode2571	2571
barcode2572	2572
barcode2573	2573
barcode2574	2574
barcode2575	2575
barcode2576	2576
barcode2577	2577
barcode2578	2578
barcode2579	2579
barcode2580	2580
barcode2581	2581
barcode2582	2582
barcode2583	2583
barcode2584	2584
barcode2585	2585
barcode2586	2586
barcode2587	2587
barcode2588	2588
barcode2589	2589
barcode2590	2590
barcode2591	2591
barcode2592	2592
barcode2593	2593
barcode2594	2594
barcode2595	2595
barcode2596	2596
barcode2597	2597
barcode2598	2598
barcode2599	2599
barcode2600	2600
barcode2601	2601
barcode2602	2602
barcode2603	2603
barcode2604	2604
barcode2605	2605
barcode2606	2606
barcode2607	2607
barcode2608	2608
barcode2609	2609
barcode2610	2610
barcode2611	2611
barcode2612	2612
barcode2613	2613
barcode2614	2614
barcode2615	2615
barcode2616	2616
barcode2617	2617
barcode2618	2618
barcode2619	2619
barcode2620	2620
barcode2621	2621
barcode2622	2622
barcode2623	2623
barcode2624	2624
barcode2625	2625
barcode2626	2626
barcode2627	2627
barcode2628	2628
barcode2629	2629
barcode2630	2630
barcode2631	2631
barcode2632	2632
barcode2633	2633
barcode2634	2634
barcode2635	2635
barcode2636	2636
barcode2637	2637
barcode2638	2638
barcode2639	2639
barcode2640	2640
barcode2641	2641
barcode2642	2642
barcode2643	2643
barcode2644	2644
barcode2645	2645
barcode2646	2646
barcode2647	2647
barcode2648	2648
barcode2649	2649
barcode2650	2650
barcode2651	2651
barcode2652	2652
barcode2653	2653
barcode2654	2654
barcode2655	2655
barcode2656	2656
barcode2657	2657
barcode2658	2658
barcode2659	2659
barcode2660	2660
barcode2661	2661
barcode2662	2662
barcode2663	2663
barcode2664	2664
barcode2665	2665
barcode2666	2666
barcode2667	2667
barcode2668	2668
barcode2669	2669
barcode2670	2670
barcode2671	2671
barcode2672	2672
barcode2673	2673
barcode2674	2674
barcode2675	2675
barcode2676	2676
barcode2677	2677
barcode2678	2678
barcode2679	2679
barcode2680	2680
barcode2681	2681
barcode2682	2682
barcode2683	2683
barcode2684	2684
barcode2685	2685
barcode2686	2686
barcode2687	2687
barcode2688	2688
barcode2689	2689
barcode2690	2690
barcode2691	2691
barcode2692	2692
barcode2693	2693
barcode2694	2694
barcode2695	2695
barcode2696	2696
barcode2697	2697
barcode2698	2698
barcode2699	2699
barcode2700	2700
barcode2701	2701
barcode2702	2702
barcode2703	2703
barcode2704	2704
barcode2705	2705
barcode2706	2706
barcode2707	2707
barcode2708	2708
barcode2709	2709
barcode2710	2710
barcode2711	2711
barcode2712	2712
barcode2713	2713
barcode2714	2714
barcode2715	2715
barcode2716	2716
barcode2717	2717
barcode2718	2718
barcode2719	2719
barcode2720	2720
barcode2721	2721
barcode2722	2722
barcode2723	2723
barcode2724	2724
barcode2725	2725
barcode2726	2726
barcode2727	2727
barcode2728	2728
barcode2729	2729
barcode2730	2730
barcode2731	2731
barcode2732	2732
barcode2733	2733
barcode2734	2734
barcode2735	2735
barcode2736	2736
barcode2737	2737
barcode2738	2738
barcode2739	2739
barcode2740	2740
barcode2741	2741
barcode2742	2742
barcode2743	2743
barcode2744	2744
barcode2745	2745
barcode2746	2746
barcode2747	2747
barcode2748	2748
barcode2749	2749
barcode2750	2750
barcode2751	2751
barcode2752	2752
barcode2753	2753
barcode2754	2754
barcode2755	2755
barcode2756	2756
barcode2757	2757
barcode2758	2758
barcode2759	2759
barcode2760	2760
barcode2761	2761
barcode2762	2762
barcode2763	2763
barcode2764	2764
barcode2765	2765
barcode2766	2766
barcode2767	2767
barcode2768	2768
barcode2769	2769
barcode2770	2770
barcode2771	2771
barcode2772	2772
barcode2773	2773
barcode2774	2774
barcode2775	2775
barcode2776	2776
barcode2777	2777
barcode2778	2778
barcode2779	2779
barcode2780	2780
barcode2781	2781
barcode2782	2782
barcode2783	2783
barcode2784	2784
barcode2785	2785
barcode2786	2786
barcode2787	2787
barcode2788	2788
barcode2789	2789
barcode2790	2790
barcode2791	2791
barcode2792	2792
barcode2793	2793
barcode2794	2794
barcode2795	2795
barcode2796	2796
barcode2797	2797
barcode2798	2798
barcode2799	2799
barcode2800	2800
barcode2801	2801
barcode2802	2802
barcode2803	2803
barcode2804	2804
barcode2805	2805
barcode2806	2806
barcode2807	2807
barcode2808	2808
barcode2809	2809
barcode2810	2810
barcode2811	2811
barcode2812	2812
barcode2813	2813
barcode2814	2814
barcode2815	2815
barcode2816	2816
barcode2817	2817
barcode2818	2818
barcode2819	2819
barcode2820	2820
barcode2821	2821
barcode2822	2822
barcode2823	2823
barcode2824	2824
barcode2825	2825
barcode2826	2826
barcode2827	2827
barcode2828	2828
barcode2829	2829
barcode2830	2830
barcode2831	2831
barcode2832	2832
barcode2833	2833
barcode2834	2834
barcode2835	2835
barcode2836	2836
barcode2837	2837
barcode2838	2838
barcode2839	2839
barcode2840	2840
barcode2841	2841
barcode2842	2842
barcode2843	2843
barcode2844	2844
barcode2845	2845
barcode2846	2846
barcode2847	2847
barcode2848	2848
barcode2849	2849
barcode2850	2850
barcode2851	2851
barcode2852	2852
barcode2853	2853
barcode2854	2854
barcode2855	2855
barcode2856	2856
barcode2857	2857
barcode2858	2858
barcode2859	2859
barcode2860	2860
barcode2861	2861
barcode2862	2862
barcode2863	2863
barcode2864	2864
barcode2865	2865
barcode2866	2866
barcode2867	2867
barcode2868	2868
barcode2869	2869
barcode2870	2870
barcode2871	2871
barcode2872	2872
barcode2873	2873
barcode2874	2874
barcode2875	2875
barcode2876	2876
barcode2877	2877
barcode2878	2878
barcode2879	2879
barcode2880	2880
barcode2881	2881
barcode2882	2882
barcode2883	2883
barcode2884	2884
barcode2885	2885
barcode2886	2886
barcode2887	2887
barcode2888	2888
barcode2889	2889
barcode2890	2890
barcode2891	2891
barcode2892	2892
barcode2893	2893
barcode2894	2894
barcode2895	2895
barcode2896	2896
barcode2897	2897
barcode2898	2898
barcode2899	2899
barcode2900	2900
barcode2901	2901
barcode2902	2902
barcode2903	2903
barcode2904	2904
barcode2905	2905
barcode2906	2906
barcode2907	2907
barcode2908	2908
barcode2909	2909
barcode2910	2910
barcode2911	2911
barcode2912	2912
barcode2913	2913
barcode2914	2914
barcode2915	2915
barcode2916	2916
barcode2917	2917
barcode2918	2918
barcode2919	2919
barcode2920	2920
barcode2921	2921
barcode2922	2922
barcode2923	2923
barcode2924	2924
barcode2925	2925
barcode2926	2926
barcode2927	2927
barcode2928	2928
barcode2929	2929
barcode2930	2930
barcode2931	2931
barcode2932	2932
barcode2933	2933
barcode2934	2934
barcode2935	2935
barcode2936	2936
barcode2937	2937
barcode2938	2938
barcode2939	2939
barcode2940	2940
barcode2941	2941
barcode2942	2942
barcode2943	2943
barcode2944	2944
barcode2945	2945
barcode2946	2946
barcode2947	2947
barcode2948	2948
barcode2949	2949
barcode2950	2950
barcode2951	2951
barcode2952	2952
barcode2953	2953
barcode2954	2954
barcode2955	2955
barcode2956	2956
barcode2957	2957
barcode2958	2958
barcode2959	2959
barcode2960	2960
barcode2961	2961
barcode2962	2962
barcode2963	2963
barcode2964	2964
barcode2965	2965
barcode2966	2966
barcode2967	2967
barcode2968	2968
barcode2969	2969
barcode2970	2970
barcode2971	2971
barcode2972	2972
barcode2973	2973
barcode2974	2974
barcode2975	2975
barcode2976	2976
barcode2977	2977
barcode2978	2978
barcode2979	2979
barcode2980	2980
barcode2981	2981
barcode2982	2982
barcode2983	2983
barcode2984	2984
barcode2985	2985
barcode2986	2986
barcode2987	2987
barcode2988	2988
barcode2989	2989
barcode2990	2990
barcode2991	2991
barcode2992	2992
barcode2993	2993
barcode2994	2994
barcode2995	2995
barcode2996	2996
barcode2997	2997
barcode2998	2998
barcode2999	2999
barcode3000	3000
barcode3001	3001
barcode3002	3002
barcode3003	3003
barcode3004	3004
barcode3005	3005
barcode3006	3006
barcode3007	3007
barcode3008	3008
barcode3009	3009
barcode3010	3010
barcode3011	3011
barcode3012	3012
barcode3013	3013
barcode3014	3014
barcode3015	3015
barcode3016	3016
barcode3017	3017
barcode3018	3018
barcode3019	3019
barcode3020	3020
barcode3021	3021
barcode3022	3022
barcode3023	3023
barcode3024	3024
barcode3025	3025
barcode3026	3026
barcode3027	3027
barcode3028	3028
barcode3029	3029
barcode3030	3030
barcode3031	3031
barcode3032	3032
barcode3033	3033
barcode3034	3034
barcode3035	3035
barcode3036	3036
barcode3037	3037
barcode3038	3038
barcode3039	3039
barcode3040	3040
barcode3041	3041
barcode3042	3042
barcode3043	3043
barcode3044	3044
barcode3045	3045
barcode3046	3046
barcode3047	3047
barcode3048	3048
barcode3049	3049
barcode3050	3050
barcode3051	3051
barcode3052	3052
barcode3053	3053
barcode3054	3054
barcode3055	3055
barcode3056	3056
barcode3057	3057
barcode3058	3058
barcode3059	3059
barcode3060	3060
barcode3061	3061
barcode3062	3062
barcode3063	3063
barcode3064	3064
barcode3065	3065
barcode3066	3066
barcode3067	3067
barcode3068	3068
barcode3069	3069
barcode3070	3070
barcode3071	3071
barcode3072	3072
barcode3073	3073
barcode3074	3074
barcode3075	3075
barcode3076	3076
barcode3077	3077
barcode3078	3078
barcode3079	3079
barcode3080	3080
barcode3081	3081
barcode3082	3082
barcode3083	3083
barcode3084	3084
barcode3085	3085
barcode3086	3086
barcode3087	3087
barcode3088	3088
barcode3089	3089
barcode3090	3090
barcode3091	3091
barcode3092	3092
barcode3093	3093
barcode3094	3094
barcode3095	3095
barcode3096	3096
barcode3097	3097
barcode3098	3098
barcode3099	3099
barcode3100	3100
barcode3101	3101
barcode3102	3102
barcode3103	3103
barcode3104	3104
barcode3105	3105
barcode3106	3106
barcode3107	3107
barcode3108	3108
barcode3109	3109
barcode3110	3110
barcode3111	3111
barcode3112	3112
barcode3113	3113
barcode3114	3114
barcode3115	3115
barcode3116	3116
barcode3117	3117
barcode3118	3118
barcode3119	3119
barcode3120	3120
barcode3121	3121
barcode3122	3122
barcode3123	3123
barcode3124	3124
barcode3125	3125
barcode3126	3126
barcode3127	3127
barcode3128	3128
barcode3129	3129
barcode3130	3130
barcode3131	3131
barcode3132	3132
barcode3133	3133
barcode3134	3134
barcode3135	3135
barcode3136	3136
barcode3137	3137
barcode3138	3138
barcode3139	3139
barcode3140	3140
barcode3141	3141
barcode3142	3142
barcode3143	3143
barcode3144	3144
barcode3145	3145
barcode3146	3146
barcode3147	3147
barcode3148	3148
barcode3149	3149
barcode3150	3150
barcode3151	3151
barcode3152	3152
barcode3153	3153
barcode3154	3154
barcode3155	3155
barcode3156	3156
barcode3157	3157
barcode3158	3158
barcode3159	3159
barcode3160	3160
barcode3161	3161
barcode3162	3162
barcode3163	3163
barcode3164	3164
barcode3165	3165
barcode3166	3166
barcode3167	3167
barcode3168	3168
barcode3169	3169
barcode3170	3170
barcode3171	3171
barcode3172	3172
barcode3173	3173
barcode3174	3174
barcode3175	3175
barcode3176	3176
barcode3177	3177
barcode3178	3178
barcode3179	3179
barcode3180	3180
barcode3181	3181
barcode3182	3182
barcode3183	3183
barcode3184	3184
barcode3185	3185
barcode3186	3186
barcode3187	3187
barcode3188	3188
barcode3189	3189
barcode3190	3190
barcode3191	3191
barcode3192	3192
barcode3193	3193
barcode3194	3194
barcode3195	3195
barcode3196	3196
barcode3197	3197
barcode3198	3198
barcode3199	3199
barcode3200	3200
barcode3201	3201
barcode3202	3202
barcode3203	3203
barcode3204	3204
barcode3205	3205
barcode3206	3206
barcode3207	3207
barcode3208	3208
barcode3209	3209
barcode3210	3210
barcode3211	3211
barcode3212	3212
barcode3213	3213
barcode3214	3214
barcode3215	3215
barcode3216	3216
barcode3217	3217
barcode3218	3218
barcode3219	3219
barcode3220	3220
barcode3221	3221
barcode3222	3222
barcode3223	3223
barcode3224	3224
barcode3225	3225
barcode3226	3226
barcode3227	3227
barcode3228	3228
barcode3229	3229
barcode3230	3230
barcode3231	3231
barcode3232	3232
barcode3233	3233
barcode3234	3234
barcode3235	3235
barcode3236	3236
barcode3237	3237
barcode3238	3238
barcode3239	3239
barcode3240	3240
barcode3241	3241
barcode3242	3242
barcode3243	3243
barcode3244	3244
barcode3245	3245
barcode3246	3246
barcode3247	3247
barcode3248	3248
barcode3249	3249
barcode3250	3250
barcode3251	3251
barcode3252	3252
barcode3253	3253
barcode3254	3254
barcode3255	3255
barcode3256	3256
barcode3257	3257
barcode3258	3258
barcode3259	3259
barcode3260	3260
barcode3261	3261
barcode3262	3262
barcode3263	3263
barcode3264	3264
barcode3265	3265
barcode3266	3266
barcode3267	3267
barcode3268	3268
barcode3269	3269
barcode3270	3270
barcode3271	3271
barcode3272	3272
barcode3273	3273
barcode3274	3274
barcode3275	3275
barcode3276	3276
barcode3277	3277
barcode3278	3278
barcode3279	3279
barcode3280	3280
barcode3281	3281
barcode3282	3282
barcode3283	3283
barcode3284	3284
barcode3285	3285
barcode3286	3286
barcode3287	3287
barcode3288	3288
barcode3289	3289
barcode3290	3290
barcode3291	3291
barcode3292	3292
barcode3293	3293
barcode3294	3294
barcode3295	3295
barcode3296	3296
barcode3297	3297
barcode3298	3298
barcode3299	3299
barcode3300	3300
barcode3301	3301
barcode3302	3302
barcode3303	3303
barcode3304	3304
barcode3305	3305
barcode3306	3306
barcode3307	3307
barcode3308	3308
barcode3309	3309
barcode3310	3310
barcode3311	3311
barcode3312	3312
barcode3313	3313
barcode3314	3314
barcode3315	3315
barcode3316	3316
barcode3317	3317
barcode3318	3318
barcode3319	3319
barcode3320	3320
barcode3321	3321
barcode3322	3322
barcode3323	3323
barcode3324	3324
barcode3325	3325
barcode3326	3326
barcode3327	3327
barcode3328	3328
barcode3329	3329
barcode3330	3330
barcode3331	3331
barcode3332	3332
barcode3333	3333
barcode3334	3334
barcode3335	3335
barcode3336	3336
barcode3337	3337
barcode3338	3338
barcode3339	3339
barcode3340	3340
barcode3341	3341
barcode3342	3342
barcode3343	3343
barcode3344	3344
barcode3345	3345
barcode3346	3346
barcode3347	3347
barcode3348	3348
barcode3349	3349
barcode3350	3350
barcode3351	3351
barcode3352	3352
barcode3353	3353
barcode3354	3354
barcode3355	3355
barcode3356	3356
barcode3357	3357
barcode3358	3358
barcode3359	3359
barcode3360	3360
barcode3361	3361
barcode3362	3362
barcode3363	3363
barcode3364	3364
barcode3365	3365
barcode3366	3366
barcode3367	3367
barcode3368	3368
barcode3369	3369
barcode3370	3370
barcode3371	3371
barcode3372	3372
barcode3373	3373
barcode3374	3374
barcode3375	3375
barcode3376	3376
barcode3377	3377
barcode3378	3378
barcode3379	3379
barcode3380	3380
barcode3381	3381
barcode3382	3382
barcode3383	3383
barcode3384	3384
barcode3385	3385
barcode3386	3386
barcode3387	3387
barcode3388	3388
barcode3389	3389
barcode3390	3390
barcode3391	3391
barcode3392	3392
barcode3393	3393
barcode3394	3394
barcode3395	3395
barcode3396	3396
barcode3397	3397
barcode3398	3398
barcode3399	3399
barcode3400	3400
barcode3401	3401
barcode3402	3402
barcode3403	3403
barcode3404	3404
barcode3405	3405
barcode3406	3406
barcode3407	3407
barcode3408	3408
barcode3409	3409
barcode3410	3410
barcode3411	3411
barcode3412	3412
barcode3413	3413
barcode3414	3414
barcode3415	3415
barcode3416	3416
barcode3417	3417
barcode3418	3418
barcode3419	3419
barcode3420	3420
barcode3421	3421
barcode3422	3422
barcode3423	3423
barcode3424	3424
barcode3425	3425
barcode3426	3426
barcode3427	3427
barcode3428	3428
barcode3429	3429
barcode3430	3430
barcode3431	3431
barcode3432	3432
barcode3433	3433
barcode3434	3434
barcode3435	3435
barcode3436	3436
barcode3437	3437
barcode3438	3438
barcode3439	3439
barcode3440	3440
barcode3441	3441
barcode3442	3442
barcode3443	3443
barcode3444	3444
barcode3445	3445
barcode3446	3446
barcode3447	3447
barcode3448	3448
barcode3449	3449
barcode3450	3450
barcode3451	3451
barcode3452	3452
barcode3453	3453
barcode3454	3454
barcode3455	3455
barcode3456	3456
barcode3457	3457
barcode3458	3458
barcode3459	3459
barcode3460	3460
barcode3461	3461
barcode3462	3462
barcode3463	3463
barcode3464	3464
barcode3465	3465
barcode3466	3466
barcode3467	3467
barcode3468	3468
barcode3469	3469
barcode3470	3470
barcode3471	3471
barcode3472	3472
barcode3473	3473
barcode3474	3474
barcode3475	3475
barcode3476	3476
barcode3477	3477
barcode3478	3478
barcode3479	3479
barcode3480	3480
barcode3481	3481
barcode3482	3482
barcode3483	3483
barcode3484	3484
barcode3485	3485
barcode3486	3486
barcode3487	3487
barcode3488	3488
barcode3489	3489
barcode3490	3490
barcode3491	3491
barcode3492	3492
barcode3493	3493
barcode3494	3494
barcode3495	3495
barcode3496	3496
barcode3497	3497
barcode3498	3498
barcode3499	3499
barcode3500	3500
barcode3501	3501
barcode3502	3502
barcode3503	3503
barcode3504	3504
barcode3505	3505
barcode3506	3506
barcode3507	3507
barcode3508	3508
barcode3509	3509
barcode3510	3510
barcode3511	3511
barcode3512	3512
barcode3513	3513
barcode3514	3514
barcode3515	3515
barcode3516	3516
barcode3517	3517
barcode3518	3518
barcode3519	3519
barcode3520	3520
barcode3521	3521
barcode3522	3522
barcode3523	3523
barcode3524	3524
barcode3525	3525
barcode3526	3526
barcode3527	3527
barcode3528	3528
barcode3529	3529
barcode3530	3530
barcode3531	3531
barcode3532	3532
barcode3533	3533
barcode3534	3534
barcode3535	3535
barcode3536	3536
barcode3537	3537
barcode3538	3538
barcode3539	3539
barcode3540	3540
barcode3541	3541
barcode3542	3542
barcode3543	3543
barcode3544	3544
barcode3545	3545
barcode3546	3546
barcode3547	3547
barcode3548	3548
barcode3549	3549
barcode3550	3550
barcode3551	3551
barcode3552	3552
barcode3553	3553
barcode3554	3554
barcode3555	3555
barcode3556	3556
barcode3557	3557
barcode3558	3558
barcode3559	3559
barcode3560	3560
barcode3561	3561
barcode3562	3562
barcode3563	3563
barcode3564	3564
barcode3565	3565
barcode3566	3566
barcode3567	3567
barcode3568	3568
barcode3569	3569
barcode3570	3570
barcode3571	3571
barcode3572	3572
barcode3573	3573
barcode3574	3574
barcode3575	3575
barcode3576	3576
barcode3577	3577
barcode3578	3578
barcode3579	3579
barcode3580	3580
barcode3581	3581
barcode3582	3582
barcode3583	3583
barcode3584	3584
barcode3585	3585
barcode3586	3586
barcode3587	3587
barcode3588	3588
barcode3589	3589
barcode3590	3590
barcode3591	3591
barcode3592	3592
barcode3593	3593
barcode3594	3594
barcode3595	3595
barcode3596	3596
barcode3597	3597
barcode3598	3598
barcode3599	3599
barcode3600	3600
barcode3601	3601
barcode3602	3602
barcode3603	3603
barcode3604	3604
barcode3605	3605
barcode3606	3606
barcode3607	3607
barcode3608	3608
barcode3609	3609
barcode3610	3610
barcode3611	3611
barcode3612	3612
barcode3613	3613
barcode3614	3614
barcode3615	3615
barcode3616	3616
barcode3617	3617
barcode3618	3618
barcode3619	3619
barcode3620	3620
barcode3621	3621
barcode3622	3622
barcode3623	3623
barcode3624	3624
barcode3625	3625
barcode3626	3626
barcode3627	3627
barcode3628	3628
barcode3629	3629
barcode3630	3630
barcode3631	3631
barcode3632	3632
barcode3633	3633
barcode3634	3634
barcode3635	3635
barcode3636	3636
barcode3637	3637
barcode3638	3638
barcode3639	3639
barcode3640	3640
barcode3641	3641
barcode3642	3642
barcode3643	3643
barcode3644	3644
barcode3645	3645
barcode3646	3646
barcode3647	3647
barcode3648	3648
barcode3649	3649
barcode3650	3650
barcode3651	3651
barcode3652	3652
barcode3653	3653
barcode3654	3654
barcode3655	3655
barcode3656	3656
barcode3657	3657
barcode3658	3658
barcode3659	3659
barcode3660	3660
barcode3661	3661
barcode3662	3662
barcode3663	3663
barcode3664	3664
barcode3665	3665
barcode3666	3666
barcode3667	3667
barcode3668	3668
barcode3669	3669
barcode3670	3670
barcode3671	3671
barcode3672	3672
barcode3673	3673
barcode3674	3674
barcode3675	3675
barcode3676	3676
barcode3677	3677
barcode3678	3678
barcode3679	3679
barcode3680	3680
barcode3681	3681
barcode3682	3682
barcode3683	3683
barcode3684	3684
barcode3685	3685
barcode3686	3686
barcode3687	3687
barcode3688	3688
barcode3689	3689
barcode3690	3690
barcode3691	3691
barcode3692	3692
barcode3693	3693
barcode3694	3694
barcode3695	3695
barcode3696	3696
barcode3697	3697
barcode3698	3698
barcode3699	3699
barcode3700	3700
barcode3701	3701
barcode3702	3702
barcode3703	3703
barcode3704	3704
barcode3705	3705
barcode3706	3706
barcode3707	3707
barcode3708	3708
barcode3709	3709
barcode3710	3710
barcode3711	3711
barcode3712	3712
barcode3713	3713
barcode3714	3714
barcode3715	3715
barcode3716	3716
barcode3717	3717
barcode3718	3718
barcode3719	3719
barcode3720	3720
barcode3721	3721
barcode3722	3722
barcode3723	3723
barcode3724	3724
barcode3725	3725
barcode3726	3726
barcode3727	3727
barcode3728	3728
barcode3729	3729
barcode3730	3730
barcode3731	3731
barcode3732	3732
barcode3733	3733
barcode3734	3734
barcode3735	3735
barcode3736	3736
barcode3737	3737
barcode3738	3738
barcode3739	3739
barcode3740	3740
barcode3741	3741
barcode3742	3742
barcode3743	3743
barcode3744	3744
barcode3745	3745
barcode3746	3746
barcode3747	3747
barcode3748	3748
barcode3749	3749
barcode3750	3750
barcode3751	3751
barcode3752	3752
barcode3753	3753
barcode3754	3754
barcode3755	3755
barcode3756	3756
barcode3757	3757
barcode3758	3758
barcode3759	3759
barcode3760	3760
barcode3761	3761
barcode3762	3762
barcode3763	3763
barcode3764	3764
barcode3765	3765
barcode3766	3766
barcode3767	3767
barcode3768	3768
barcode3769	3769
barcode3770	3770
barcode3771	3771
barcode3772	3772
barcode3773	3773
barcode3774	3774
barcode3775	3775
barcode3776	3776
barcode3777	3777
barcode3778	3778
barcode3779	3779
barcode3780	3780
barcode3781	3781
barcode3782	3782
barcode3783	3783
barcode3784	3784
barcode3785	3785
barcode3786	3786
barcode3787	3787
barcode3788	3788
barcode3789	3789
barcode3790	3790
barcode3791	3791
barcode3792	3792
barcode3793	3793
barcode3794	3794
barcode3795	3795
barcode3796	3796
barcode3797	3797
barcode3798	3798
barcode3799	3799
barcode3800	3800
barcode3801	3801
barcode3802	3802
barcode3803	3803
barcode3804	3804
barcode3805	3805
barcode3806	3806
barcode3807	3807
barcode3808	3808
barcode3809	3809
barcode3810	3810
barcode3811	3811
barcode3812	3812
barcode3813	3813
barcode3814	3814
barcode3815	3815
barcode3816	3816
barcode3817	3817
barcode3818	3818
barcode3819	3819
barcode3820	3820
barcode3821	3821
barcode3822	3822
barcode3823	3823
barcode3824	3824
barcode3825	3825
barcode3826	3826
barcode3827	3827
barcode3828	3828
barcode3829	3829
barcode3830	3830
barcode3831	3831
barcode3832	3832
barcode3833	3833
barcode3834	3834
barcode3835	3835
barcode3836	3836
barcode3837	3837
barcode3838	3838
barcode3839	3839
barcode3840	3840
barcode3841	3841
barcode3842	3842
barcode3843	3843
barcode3844	3844
barcode3845	3845
barcode3846	3846
barcode3847	3847
barcode3848	3848
barcode3849	3849
barcode3850	3850
barcode3851	3851
barcode3852	3852
barcode3853	3853
barcode3854	3854
barcode3855	3855
barcode3856	3856
barcode3857	3857
barcode3858	3858
barcode3859	3859
barcode3860	3860
barcode3861	3861
barcode3862	3862
barcode3863	3863
barcode3864	3864
barcode3865	3865
barcode3866	3866
barcode3867	3867
barcode3868	3868
barcode3869	3869
barcode3870	3870
barcode3871	3871
barcode3872	3872
barcode3873	3873
barcode3874	3874
barcode3875	3875
barcode3876	3876
barcode3877	3877
barcode3878	3878
barcode3879	3879
barcode3880	3880
barcode3881	3881
barcode3882	3882
barcode3883	3883
barcode3884	3884
barcode3885	3885
barcode3886	3886
barcode3887	3887
barcode3888	3888
barcode3889	3889
barcode3890	3890
barcode3891	3891
barcode3892	3892
barcode3893	3893
barcode3894	3894
barcode3895	3895
barcode3896	3896
barcode3897	3897
barcode3898	3898
barcode3899	3899
barcode3900	3900
barcode3901	3901
barcode3902	3902
barcode3903	3903
barcode3904	3904
barcode3905	3905
barcode3906	3906
barcode3907	3907
barcode3908	3908
barcode3909	3909
barcode3910	3910
barcode3911	3911
barcode3912	3912
barcode3913	3913
barcode3914	3914
barcode3915	3915
barcode3916	3916
barcode3917	3917
barcode3918	3918
barcode3919	3919
barcode3920	3920
barcode3921	3921
barcode3922	3922
barcode3923	3923
barcode3924	3924
barcode3925	3925
barcode3926	3926
barcode3927	3927
barcode3928	3928
barcode3929	3929
barcode3930	3930
barcode3931	3931
barcode3932	3932
barcode3933	3933
barcode3934	3934
barcode3935	3935
barcode3936	3936
barcode3937	3937
barcode3938	3938
barcode3939	3939
barcode3940	3940
barcode3941	3941
barcode3942	3942
barcode3943	3943
barcode3944	3944
barcode3945	3945
barcode3946	3946
barcode3947	3947
barcode3948	3948
barcode3949	3949
barcode3950	3950
barcode3951	3951
barcode3952	3952
barcode3953	3953
barcode3954	3954
barcode3955	3955
barcode3956	3956
barcode3957	3957
barcode3958	3958
barcode3959	3959
barcode3960	3960
barcode3961	3961
barcode3962	3962
barcode3963	3963
barcode3964	3964
barcode3965	3965
barcode3966	3966
barcode3967	3967
barcode3968	3968
barcode3969	3969
barcode3970	3970
barcode3971	3971
barcode3972	3972
barcode3973	3973
barcode3974	3974
barcode3975	3975
barcode3976	3976
barcode3977	3977
barcode3978	3978
barcode3979	3979
barcode3980	3980
barcode3981	3981
barcode3982	3982
barcode3983	3983
barcode3984	3984
barcode3985	3985
barcode3986	3986
barcode3987	3987
barcode3988	3988
barcode3989	3989
barcode3990	3990
barcode3991	3991
barcode3992	3992
barcode3993	3993
barcode3994	3994
barcode3995	3995
barcode3996	3996
barcode3997	3997
barcode3998	3998
barcode3999	3999
barcode4000	4000
barcode4001	4001
barcode4002	4002
barcode4003	4003
barcode4004	4004
barcode4005	4005
barcode4006	4006
barcode4007	4007
barcode4008	4008
barcode4009	4009
barcode4010	4010
barcode4011	4011
barcode4012	4012
barcode4013	4013
barcode4014	4014
barcode4015	4015
barcode4016	4016
barcode4017	4017
barcode4018	4018
barcode4019	4019
barcode4020	4020
barcode4021	4021
barcode4022	4022
barcode4023	4023
barcode4024	4024
barcode4025	4025
barcode4026	4026
barcode4027	4027
barcode4028	4028
barcode4029	4029
barcode4030	4030
barcode4031	4031
barcode4032	4032
barcode4033	4033
barcode4034	4034
barcode4035	4035
barcode4036	4036
barcode4037	4037
barcode4038	4038
barcode4039	4039
barcode4040	4040
barcode4041	4041
barcode4042	4042
barcode4043	4043
barcode4044	4044
barcode4045	4045
barcode4046	4046
barcode4047	4047
barcode4048	4048
barcode4049	4049
barcode4050	4050
barcode4051	4051
barcode4052	4052
barcode4053	4053
barcode4054	4054
barcode4055	4055
barcode4056	4056
barcode4057	4057
barcode4058	4058
barcode4059	4059
barcode4060	4060
barcode4061	4061
barcode4062	4062
barcode4063	4063
barcode4064	4064
barcode4065	4065
barcode4066	4066
barcode4067	4067
barcode4068	4068
barcode4069	4069
barcode4070	4070
barcode4071	4071
barcode4072	4072
barcode4073	4073
barcode4074	4074
barcode4075	4075
barcode4076	4076
barcode4077	4077
barcode4078	4078
barcode4079	4079
barcode4080	4080
barcode4081	4081
barcode4082	4082
barcode4083	4083
barcode4084	4084
barcode4085	4085
barcode4086	4086
barcode4087	4087
barcode4088	4088
barcode4089	4089
barcode4090	4090
barcode4091	4091
barcode4092	4092
barcode4093	4093
barcode4094	4094
barcode4095	4095
barcode4096	4096
barcode4097	4097
barcode4098	4098
barcode4099	4099
barcode4100	4100
barcode4101	4101
barcode4102	4102
barcode4103	4103
barcode4104	4104
barcode4105	4105
barcode4106	4106
barcode4107	4107
barcode4108	4108
barcode4109	4109
barcode4110	4110
barcode4111	4111
barcode4112	4112
barcode4113	4113
barcode4114	4114
barcode4115	4115
barcode4116	4116
barcode4117	4117
barcode4118	4118
barcode4119	4119
barcode4120	4120
barcode4121	4121
barcode4122	4122
barcode4123	4123
barcode4124	4124
barcode4125	4125
barcode4126	4126
barcode4127	4127
barcode4128	4128
barcode4129	4129
barcode4130	4130
barcode4131	4131
barcode4132	4132
barcode4133	4133
barcode4134	4134
barcode4135	4135
barcode4136	4136
barcode4137	4137
barcode4138	4138
barcode4139	4139
barcode4140	4140
barcode4141	4141
barcode4142	4142
barcode4143	4143
barcode4144	4144
barcode4145	4145
barcode4146	4146
barcode4147	4147
barcode4148	4148
barcode4149	4149
barcode4150	4150
barcode4151	4151
barcode4152	4152
barcode4153	4153
barcode4154	4154
barcode4155	4155
barcode4156	4156
barcode4157	4157
barcode4158	4158
barcode4159	4159
barcode4160	4160
barcode4161	4161
barcode4162	4162
barcode4163	4163
barcode4164	4164
barcode4165	4165
barcode4166	4166
barcode4167	4167
barcode4168	4168
barcode4169	4169
barcode4170	4170
barcode4171	4171
barcode4172	4172
barcode4173	4173
barcode4174	4174
barcode4175	4175
barcode4176	4176
barcode4177	4177
barcode4178	4178
barcode4179	4179
barcode4180	4180
barcode4181	4181
barcode4182	4182
barcode4183	4183
barcode4184	4184
barcode4185	4185
barcode4186	4186
barcode4187	4187
barcode4188	4188
barcode4189	4189
barcode4190	4190
barcode4191	4191
barcode4192	4192
barcode4193	4193
barcode4194	4194
barcode4195	4195
barcode4196	4196
barcode4197	4197
barcode4198	4198
barcode4199	4199
barcode4200	4200
barcode4201	4201
barcode4202	4202
barcode4203	4203
barcode4204	4204
barcode4205	4205
barcode4206	4206
barcode4207	4207
barcode4208	4208
barcode4209	4209
barcode4210	4210
barcode4211	4211
barcode4212	4212
barcode4213	4213
barcode4214	4214
barcode4215	4215
barcode4216	4216
barcode4217	4217
barcode4218	4218
barcode4219	4219
barcode4220	4220
barcode4221	4221
barcode4222	4222
barcode4223	4223
barcode4224	4224
barcode4225	4225
barcode4226	4226
barcode4227	4227
barcode4228	4228
barcode4229	4229
barcode4230	4230
barcode4231	4231
barcode4232	4232
barcode4233	4233
barcode4234	4234
barcode4235	4235
barcode4236	4236
barcode4237	4237
barcode4238	4238
barcode4239	4239
barcode4240	4240
barcode4241	4241
barcode4242	4242
barcode4243	4243
barcode4244	4244
barcode4245	4245
barcode4246	4246
barcode4247	4247
barcode4248	4248
barcode4249	4249
barcode4250	4250
barcode4251	4251
barcode4252	4252
barcode4253	4253
barcode4254	4254
barcode4255	4255
barcode4256	4256
barcode4257	4257
barcode4258	4258
barcode4259	4259
barcode4260	4260
barcode4261	4261
barcode4262	4262
barcode4263	4263
barcode4264	4264
barcode4265	4265
barcode4266	4266
barcode4267	4267
barcode4268	4268
barcode4269	4269
barcode4270	4270
barcode4271	4271
barcode4272	4272
barcode4273	4273
barcode4274	4274
barcode4275	4275
barcode4276	4276
barcode4277	4277
barcode4278	4278
barcode4279	4279
barcode4280	4280
barcode4281	4281
barcode4282	4282
barcode4283	4283
barcode4284	4284
barcode4285	4285
barcode4286	4286
barcode4287	4287
barcode4288	4288
barcode4289	4289
barcode4290	4290
barcode4291	4291
barcode4292	4292
barcode4293	4293
barcode4294	4294
barcode4295	4295
barcode4296	4296
barcode4297	4297
barcode4298	4298
barcode4299	4299
barcode4300	4300
barcode4301	4301
barcode4302	4302
barcode4303	4303
barcode4304	4304
barcode4305	4305
barcode4306	4306
barcode4307	4307
barcode4308	4308
barcode4309	4309
barcode4310	4310
barcode4311	4311
barcode4312	4312
barcode4313	4313
barcode4314	4314
barcode4315	4315
barcode4316	4316
barcode4317	4317
barcode4318	4318
barcode4319	4319
barcode4320	4320
barcode4321	4321
barcode4322	4322
barcode4323	4323
barcode4324	4324
barcode4325	4325
barcode4326	4326
barcode4327	4327
barcode4328	4328
barcode4329	4329
barcode4330	4330
barcode4331	4331
barcode4332	4332
barcode4333	4333
barcode4334	4334
barcode4335	4335
barcode4336	4336
barcode4337	4337
barcode4338	4338
barcode4339	4339
barcode4340	4340
barcode4341	4341
barcode4342	4342
barcode4343	4343
barcode4344	4344
barcode4345	4345
barcode4346	4346
barcode4347	4347
barcode4348	4348
barcode4349	4349
barcode4350	4350
barcode4351	4351
barcode4352	4352
barcode4353	4353
barcode4354	4354
barcode4355	4355
barcode4356	4356
barcode4357	4357
barcode4358	4358
barcode4359	4359
barcode4360	4360
barcode4361	4361
barcode4362	4362
barcode4363	4363
barcode4364	4364
barcode4365	4365
barcode4366	4366
barcode4367	4367
barcode4368	4368
barcode4369	4369
barcode4370	4370
barcode4371	4371
barcode4372	4372
barcode4373	4373
barcode4374	4374
barcode4375	4375
barcode4376	4376
barcode4377	4377
barcode4378	4378
barcode4379	4379
barcode4380	4380
barcode4381	4381
barcode4382	4382
barcode4383	4383
barcode4384	4384
barcode4385	4385
barcode4386	4386
barcode4387	4387
barcode4388	4388
barcode4389	4389
barcode4390	4390
barcode4391	4391
barcode4392	4392
barcode4393	4393
barcode4394	4394
barcode4395	4395
barcode4396	4396
barcode4397	4397
barcode4398	4398
barcode4399	4399
barcode4400	4400
barcode4401	4401
barcode4402	4402
barcode4403	4403
barcode4404	4404
barcode4405	4405
barcode4406	4406
barcode4407	4407
barcode4408	4408
barcode4409	4409
barcode4410	4410
barcode4411	4411
barcode4412	4412
barcode4413	4413
barcode4414	4414
barcode4415	4415
barcode4416	4416
barcode4417	4417
barcode4418	4418
barcode4419	4419
barcode4420	4420
barcode4421	4421
barcode4422	4422
barcode4423	4423
barcode4424	4424
barcode4425	4425
barcode4426	4426
barcode4427	4427
barcode4428	4428
barcode4429	4429
barcode4430	4430
barcode4431	4431
barcode4432	4432
barcode4433	4433
barcode4434	4434
barcode4435	4435
barcode4436	4436
barcode4437	4437
barcode4438	4438
barcode4439	4439
barcode4440	4440
barcode4441	4441
barcode4442	4442
barcode4443	4443
barcode4444	4444
barcode4445	4445
barcode4446	4446
barcode4447	4447
barcode4448	4448
barcode4449	4449
barcode4450	4450
barcode4451	4451
barcode4452	4452
barcode4453	4453
barcode4454	4454
barcode4455	4455
barcode4456	4456
barcode4457	4457
barcode4458	4458
barcode4459	4459
barcode4460	4460
barcode4461	4461
barcode4462	4462
barcode4463	4463
barcode4464	4464
barcode4465	4465
barcode4466	4466
barcode4467	4467
barcode4468	4468
barcode4469	4469
barcode4470	4470
barcode4471	4471
barcode4472	4472
barcode4473	4473
barcode4474	4474
barcode4475	4475
barcode4476	4476
barcode4477	4477
barcode4478	4478
barcode4479	4479
barcode4480	4480
barcode4481	4481
barcode4482	4482
barcode4483	4483
barcode4484	4484
barcode4485	4485
barcode4486	4486
barcode4487	4487
barcode4488	4488
barcode4489	4489
barcode4490	4490
barcode4491	4491
barcode4492	4492
barcode4493	4493
barcode4494	4494
barcode4495	4495
barcode4496	4496
barcode4497	4497
barcode4498	4498
barcode4499	4499
barcode4500	4500
barcode4501	4501
barcode4502	4502
barcode4503	4503
barcode4504	4504
barcode4505	4505
barcode4506	4506
barcode4507	4507
barcode4508	4508
barcode4509	4509
barcode4510	4510
barcode4511	4511
barcode4512	4512
barcode4513	4513
barcode4514	4514
barcode4515	4515
barcode4516	4516
barcode4517	4517
barcode4518	4518
barcode4519	4519
barcode4520	4520
barcode4521	4521
barcode4522	4522
barcode4523	4523
barcode4524	4524
barcode4525	4525
barcode4526	4526
barcode4527	4527
barcode4528	4528
barcode4529	4529
barcode4530	4530
barcode4531	4531
barcode4532	4532
barcode4533	4533
barcode4534	4534
barcode4535	4535
barcode4536	4536
barcode4537	4537
barcode4538	4538
barcode4539	4539
barcode4540	4540
barcode4541	4541
barcode4542	4542
barcode4543	4543
barcode4544	4544
barcode4545	4545
barcode4546	4546
barcode4547	4547
barcode4548	4548
barcode4549	4549
barcode4550	4550
barcode4551	4551
barcode4552	4552
barcode4553	4553
barcode4554	4554
barcode4555	4555
barcode4556	4556
barcode4557	4557
barcode4558	4558
barcode4559	4559
barcode4560	4560
barcode4561	4561
barcode4562	4562
barcode4563	4563
barcode4564	4564
barcode4565	4565
barcode4566	4566
barcode4567	4567
barcode4568	4568
barcode4569	4569
barcode4570	4570
barcode4571	4571
barcode4572	4572
barcode4573	4573
barcode4574	4574
barcode4575	4575
barcode4576	4576
barcode4577	4577
barcode4578	4578
barcode4579	4579
barcode4580	4580
barcode4581	4581
barcode4582	4582
barcode4583	4583
barcode4584	4584
barcode4585	4585
barcode4586	4586
barcode4587	4587
barcode4588	4588
barcode4589	4589
barcode4590	4590
barcode4591	4591
barcode4592	4592
barcode4593	4593
barcode4594	4594
barcode4595	4595
barcode4596	4596
barcode4597	4597
barcode4598	4598
barcode4599	4599
barcode4600	4600
barcode4601	4601
barcode4602	4602
barcode4603	4603
barcode4604	4604
barcode4605	4605
barcode4606	4606
barcode4607	4607
barcode4608	4608
barcode4609	4609
barcode4610	4610
barcode4611	4611
barcode4612	4612
barcode4613	4613
barcode4614	4614
barcode4615	4615
barcode4616	4616
barcode4617	4617
barcode4618	4618
barcode4619	4619
barcode4620	4620
barcode4621	4621
barcode4622	4622
barcode4623	4623
barcode4624	4624
barcode4625	4625
barcode4626	4626
barcode4627	4627
barcode4628	4628
barcode4629	4629
barcode4630	4630
barcode4631	4631
barcode4632	4632
barcode4633	4633
barcode4634	4634
barcode4635	4635
barcode4636	4636
barcode4637	4637
barcode4638	4638
barcode4639	4639
barcode4640	4640
barcode4641	4641
barcode4642	4642
barcode4643	4643
barcode4644	4644
barcode4645	4645
barcode4646	4646
barcode4647	4647
barcode4648	4648
barcode4649	4649
barcode4650	4650
barcode4651	4651
barcode4652	4652
barcode4653	4653
barcode4654	4654
barcode4655	4655
barcode4656	4656
barcode4657	4657
barcode4658	4658
barcode4659	4659
barcode4660	4660
barcode4661	4661
barcode4662	4662
barcode4663	4663
barcode4664	4664
barcode4665	4665
barcode4666	4666
barcode4667	4667
barcode4668	4668
barcode4669	4669
barcode4670	4670
barcode4671	4671
barcode4672	4672
barcode4673	4673
barcode4674	4674
barcode4675	4675
barcode4676	4676
barcode4677	4677
barcode4678	4678
barcode4679	4679
barcode4680	4680
barcode4681	4681
barcode4682	4682
barcode4683	4683
barcode4684	4684
barcode4685	4685
barcode4686	4686
barcode4687	4687
barcode4688	4688
barcode4689	4689
barcode4690	4690
barcode4691	4691
barcode4692	4692
barcode4693	4693
barcode4694	4694
barcode4695	4695
barcode4696	4696
barcode4697	4697
barcode4698	4698
barcode4699	4699
barcode4700	4700
barcode4701	4701
barcode4702	4702
barcode4703	4703
barcode4704	4704
barcode4705	4705
barcode4706	4706
barcode4707	4707
barcode4708	4708
barcode4709	4709
barcode4710	4710
barcode4711	4711
barcode4712	4712
barcode4713	4713
barcode4714	4714
barcode4715	4715
barcode4716	4716
barcode4717	4717
barcode4718	4718
barcode4719	4719
barcode4720	4720
barcode4721	4721
barcode4722	4722
barcode4723	4723
barcode4724	4724
barcode4725	4725
barcode4726	4726
barcode4727	4727
barcode4728	4728
barcode4729	4729
barcode4730	4730
barcode4731	4731
barcode4732	4732
barcode4733	4733
barcode4734	4734
barcode4735	4735
barcode4736	4736
barcode4737	4737
barcode4738	4738
barcode4739	4739
barcode4740	4740
barcode4741	4741
barcode4742	4742
barcode4743	4743
barcode4744	4744
barcode4745	4745
barcode4746	4746
barcode4747	4747
barcode4748	4748
barcode4749	4749
barcode4750	4750
barcode4751	4751
barcode4752	4752
barcode4753	4753
barcode4754	4754
barcode4755	4755
barcode4756	4756
barcode4757	4757
barcode4758	4758
barcode4759	4759
barcode4760	4760
barcode4761	4761
barcode4762	4762
barcode4763	4763
barcode4764	4764
barcode4765	4765
barcode4766	4766
barcode4767	4767
barcode4768	4768
barcode4769	4769
barcode4770	4770
barcode4771	4771
barcode4772	4772
barcode4773	4773
barcode4774	4774
barcode4775	4775
barcode4776	4776
barcode4777	4777
barcode4778	4778
barcode4779	4779
barcode4780	4780
barcode4781	4781
barcode4782	4782
barcode4783	4783
barcode4784	4784
barcode4785	4785
barcode4786	4786
barcode4787	4787
barcode4788	4788
barcode4789	4789
barcode4790	4790
barcode4791	4791
barcode4792	4792
barcode4793	4793
barcode4794	4794
barcode4795	4795
barcode4796	4796
barcode4797	4797
barcode4798	4798
barcode4799	4799
barcode4800	4800
barcode4801	4801
barcode4802	4802
barcode4803	4803
barcode4804	4804
barcode4805	4805
barcode4806	4806
barcode4807	4807
barcode4808	4808
barcode4809	4809
barcode4810	4810
barcode4811	4811
barcode4812	4812
barcode4813	4813
barcode4814	4814
barcode4815	4815
barcode4816	4816
barcode4817	4817
barcode4818	4818
barcode4819	4819
barcode4820	4820
barcode4821	4821
barcode4822	4822
barcode4823	4823
barcode4824	4824
barcode4825	4825
barcode4826	4826
barcode4827	4827
barcode4828	4828
barcode4829	4829
barcode4830	4830
barcode4831	4831
barcode4832	4832
barcode4833	4833
barcode4834	4834
barcode4835	4835
barcode4836	4836
barcode4837	4837
barcode4838	4838
barcode4839	4839
barcode4840	4840
barcode4841	4841
barcode4842	4842
barcode4843	4843
barcode4844	4844
barcode4845	4845
barcode4846	4846
barcode4847	4847
barcode4848	4848
barcode4849	4849
barcode4850	4850
barcode4851	4851
barcode4852	4852
barcode4853	4853
barcode4854	4854
barcode4855	4855
barcode4856	4856
barcode4857	4857
barcode4858	4858
barcode4859	4859
barcode4860	4860
barcode4861	4861
barcode4862	4862
barcode4863	4863
barcode4864	4864
barcode4865	4865
barcode4866	4866
barcode4867	4867
barcode4868	4868
barcode4869	4869
barcode4870	4870
barcode4871	4871
barcode4872	4872
barcode4873	4873
barcode4874	4874
barcode4875	4875
barcode4876	4876
barcode4877	4877
barcode4878	4878
barcode4879	4879
barcode4880	4880
barcode4881	4881
barcode4882	4882
barcode4883	4883
barcode4884	4884
barcode4885	4885
barcode4886	4886
barcode4887	4887
barcode4888	4888
barcode4889	4889
barcode4890	4890
barcode4891	4891
barcode4892	4892
barcode4893	4893
barcode4894	4894
barcode4895	4895
barcode4896	4896
barcode4897	4897
barcode4898	4898
barcode4899	4899
barcode4900	4900
barcode4901	4901
barcode4902	4902
barcode4903	4903
barcode4904	4904
barcode4905	4905
barcode4906	4906
barcode4907	4907
barcode4908	4908
barcode4909	4909
barcode4910	4910
barcode4911	4911
barcode4912	4912
barcode4913	4913
barcode4914	4914
barcode4915	4915
barcode4916	4916
barcode4917	4917
barcode4918	4918
barcode4919	4919
barcode4920	4920
barcode4921	4921
barcode4922	4922
barcode4923	4923
barcode4924	4924
barcode4925	4925
barcode4926	4926
barcode4927	4927
barcode4928	4928
barcode4929	4929
barcode4930	4930
barcode4931	4931
barcode4932	4932
barcode4933	4933
barcode4934	4934
barcode4935	4935
barcode4936	4936
barcode4937	4937
barcode4938	4938
barcode4939	4939
barcode4940	4940
barcode4941	4941
barcode4942	4942
barcode4943	4943
barcode4944	4944
barcode4945	4945
barcode4946	4946
barcode4947	4947
barcode4948	4948
barcode4949	4949
barcode4950	4950
barcode4951	4951
barcode4952	4952
barcode4953	4953
barcode4954	4954
barcode4955	4955
barcode4956	4956
barcode4957	4957
barcode4958	4958
barcode4959	4959
barcode4960	4960
barcode4961	4961
barcode4962	4962
barcode4963	4963
barcode4964	4964
barcode4965	4965
barcode4966	4966
barcode4967	4967
barcode4968	4968
barcode4969	4969
barcode4970	4970
barcode4971	4971
barcode4972	4972
barcode4973	4973
barcode4974	4974
barcode4975	4975
barcode4976	4976
barcode4977	4977
barcode4978	4978
barcode4979	4979
barcode4980	4980
barcode4981	4981
barcode4982	4982
barcode4983	4983
barcode4984	4984
barcode4985	4985
barcode4986	4986
barcode4987	4987
barcode4988	4988
barcode4989	4989
barcode4990	4990
barcode4991	4991
barcode4992	4992
barcode4993	4993
barcode4994	4994
barcode4995	4995
barcode4996	4996
barcode4997	4997
barcode4998	4998
barcode4999	4999
barcode5000	5000
